year,month,country,model,segment,engine_type,price_usd,marketing_spend_usd,dealership_count,fuel_price_usd,gdp_growth_percent,interest_rate_percent,competition_index,units_sold
2021,1,Australia,X1,SUV,Petrol,82234,315372,96,0.97,6.29,1.2,8,324
2018,8,Australia,i4,Sedan,Electric,82291,447798,234,0.97,6.29,1.2,7,556
2022,12,USA,5 Series,Electric,Hybrid,40594,259755,25,0.97,6.29,1.2,7,152
2019,11,Australia,i7,SUV,Electric,42371,323541,319,0.97,6.29,1.2,5,730
2021,12,Brazil,X5,SUV,Diesel,82315,482015,367,0.97,6.29,1.2,2,1156
2024,12,China,i7,Electric,Diesel,118564,349155,172,0.97,6.29,1.2,6,687
2017,4,USA,i4,Electric,Diesel,114526,129183,107,0.97,6.29,1.2,10,439
2021,4,USA,X7,Sedan,Diesel,51626,405398,165,0.97,6.29,1.2,3,489
2022,5,India,3 Series,Sedan,Petrol,42130,487480,11,0.97,6.29,1.2,4,435
2019,8,UK,7 Series,SUV,Petrol,41828,92317,359,0.97,6.29,1.2,10,1080
2018,5,UK,5 Series,Electric,Electric,92514,228986,178,0.97,6.29,1.2,2,447
2022,8,Brazil,X3,Electric,Hybrid,87664,265705,324,0.97,6.29,1.2,2,827
2022,10,Canada,X3,Electric,Diesel,52883,414633,334,0.97,6.29,1.2,8,712
2017,1,Germany,X3,SUV,Electric,78059,226326,384,0.97,6.29,1.2,8,1181
2020,12,Germany,X1,Electric,Petrol,119078,352240,101,0.97,6.29,1.2,10,307
2019,10,France,X3,Electric,Petrol,77932,365929,190,0.97,6.29,1.2,6,725
2016,9,Brazil,7 Series,SUV,Hybrid,96269,102344,240,0.97,6.29,1.2,5,588
2022,6,USA,3 Series,Sedan,Hybrid,110986,296060,310,0.97,6.29,1.2,8,644
2020,3,Brazil,X3,Sedan,Hybrid,37035,432526,157,0.97,6.29,1.2,4,534
2016,8,Brazil,i7,SUV,Electric,75745,249618,289,0.97,6.29,1.2,4,1004
2019,9,Brazil,i7,Electric,Petrol,52241,209484,198,0.97,6.29,1.2,5,544
2015,6,UK,X1,SUV,Petrol,87975,160489,356,0.97,6.29,1.2,1,751
2024,11,Brazil,7 Series,Sedan,Hybrid,58154,494874,359,0.97,6.29,1.2,1,1061
2020,7,China,3 Series,Sedan,Diesel,60625,492765,323,0.97,6.29,1.2,2,954
2023,1,Germany,5 Series,SUV,Hybrid,79950,308667,137,0.97,6.29,1.2,8,673
2015,5,France,i4,SUV,Electric,91396,61549,16,0.97,6.29,1.2,7,15
2024,5,China,3 Series,Sedan,Hybrid,48331,75739,56,0.97,6.29,1.2,10,107
2017,10,France,i4,SUV,Hybrid,98927,333353,62,0.97,6.29,1.2,9,523
2021,4,India,X7,Sedan,Electric,119719,157051,196,0.97,6.29,1.2,5,782
2018,6,France,i4,SUV,Hybrid,98014,65116,47,0.97,6.29,1.2,2,397
2023,7,Germany,X5,SUV,Petrol,74346,70045,235,0.97,6.29,1.2,7,773
2017,9,Germany,i7,SUV,Diesel,105411,469543,62,0.97,6.29,1.2,8,179
2019,1,Brazil,7 Series,Sedan,Hybrid,89478,85709,233,0.97,6.29,1.2,7,652
2017,6,Japan,iX,SUV,Electric,47254,355761,163,0.97,6.29,1.2,7,389
2021,7,India,X1,Sedan,Diesel,90734,207977,57,0.97,6.29,1.2,5,213
2019,3,USA,X5,Sedan,Electric,63621,253675,360,0.97,6.29,1.2,2,945
2023,8,Australia,i4,SUV,Diesel,111441,279167,156,0.97,6.29,1.2,6,705
2021,5,France,X3,SUV,Diesel,81121,431923,73,0.97,6.29,1.2,4,368
2016,9,Japan,7 Series,Sedan,Hybrid,116418,355063,358,0.97,6.29,1.2,10,743
2018,5,Brazil,X5,Sedan,Petrol,95197,395665,191,0.97,6.29,1.2,2,805
2023,9,UK,X1,Electric,Hybrid,119577,269222,134,0.97,6.29,1.2,9,380
2016,10,USA,i7,Sedan,Electric,77431,239518,188,0.97,6.29,1.2,7,543
2024,4,Canada,7 Series,Electric,Electric,39837,233500,48,0.97,6.29,1.2,6,429
2023,9,Japan,X1,Electric,Diesel,118163,491110,269,0.97,6.29,1.2,5,661
2024,5,UK,X7,Electric,Diesel,106232,318591,391,0.97,6.29,1.2,3,1001
2019,10,India,X7,SUV,Petrol,83994,55499,12,0.97,6.29,1.2,10,413
2016,9,Brazil,X1,SUV,Hybrid,114079,89041,73,0.97,6.29,1.2,10,396
2018,3,USA,X5,Sedan,Electric,47615,343459,38,0.97,6.29,1.2,4,225
2021,4,USA,7 Series,Electric,Diesel,36466,182371,381,0.97,6.29,1.2,3,992
2022,9,USA,X5,SUV,Petrol,65771,432650,20,0.97,6.29,1.2,8,476
2017,10,India,5 Series,SUV,Electric,118886,186066,106,0.97,6.29,1.2,3,357
2015,11,France,i4,SUV,Diesel,100911,276486,367,0.97,6.29,1.2,7,1145
2018,6,Canada,5 Series,SUV,Electric,55746,262235,212,0.97,6.29,1.2,7,679
2016,2,India,X7,SUV,Petrol,95739,307831,30,0.97,6.29,1.2,7,184
2022,7,Australia,i7,Electric,Petrol,108369,450705,48,0.97,6.29,1.2,7,205
2018,2,Canada,3 Series,Electric,Electric,36893,403791,232,0.97,6.29,1.2,2,534
2016,11,Germany,i4,Electric,Hybrid,65573,344499,111,0.97,6.29,1.2,10,578
2020,2,Brazil,X7,Electric,Electric,75874,385949,55,0.97,6.29,1.2,3,292
2020,11,India,X5,Sedan,Diesel,112362,380511,75,0.97,6.29,1.2,10,495
2024,1,UK,X5,Electric,Hybrid,68367,422050,100,0.97,6.29,1.2,9,576
2018,11,Canada,X5,SUV,Diesel,56199,429553,173,0.97,6.29,1.2,3,534
2020,11,Australia,i7,Electric,Electric,109328,389499,120,0.97,6.29,1.2,2,453
2016,12,Germany,5 Series,Sedan,Hybrid,92724,166220,347,0.97,6.29,1.2,9,1070
2024,11,France,3 Series,SUV,Diesel,71405,271421,132,0.97,6.29,1.2,10,348
2016,3,UK,X5,Electric,Electric,50989,399317,202,0.97,6.29,1.2,9,651
2024,6,Canada,iX,Electric,Electric,63931,314140,108,0.97,6.29,1.2,4,307
2018,8,Brazil,i4,Electric,Hybrid,44290,301071,300,0.97,6.29,1.2,9,951
2022,9,UK,7 Series,SUV,Electric,73367,356531,168,0.97,6.29,1.2,3,393
2021,7,Germany,iX,SUV,Petrol,114878,53089,112,0.97,6.29,1.2,7,453
2023,4,UK,3 Series,Sedan,Diesel,114481,410971,394,0.97,6.29,1.2,7,1190
2022,6,China,i7,SUV,Diesel,111298,332803,290,0.97,6.29,1.2,8,847
2019,5,Japan,3 Series,SUV,Electric,65133,357322,52,0.97,6.29,1.2,10,117
2016,8,France,7 Series,Electric,Electric,62052,145965,93,0.97,6.29,1.2,4,518
2019,1,Germany,i4,SUV,Petrol,75475,131268,200,0.97,6.29,1.2,3,610
2022,1,UK,7 Series,Electric,Hybrid,117666,397186,60,0.97,6.29,1.2,3,260
2024,11,Japan,X1,Electric,Electric,92656,418615,395,0.97,6.29,1.2,5,1115
2023,6,Japan,i4,SUV,Electric,39633,251798,219,0.97,6.29,1.2,1,677
2023,10,UK,3 Series,Sedan,Electric,52304,382255,135,0.97,6.29,1.2,10,370
2015,12,Brazil,X5,Sedan,Electric,81546,287103,78,0.97,6.29,1.2,3,532
2023,2,China,3 Series,SUV,Diesel,42008,294754,274,0.97,6.29,1.2,6,691
2021,5,India,3 Series,Sedan,Electric,83291,215637,267,0.97,6.29,1.2,3,899
2023,1,China,i4,Electric,Diesel,62405,412579,197,0.97,6.29,1.2,5,605
2022,7,UK,X1,Electric,Electric,71386,139242,239,0.97,6.29,1.2,9,474
2015,1,France,3 Series,SUV,Hybrid,55827,425348,198,0.97,6.29,1.2,2,706
2022,4,India,iX,Sedan,Petrol,68040,203956,19,0.97,6.29,1.2,2,272
2022,9,Germany,X7,Sedan,Hybrid,95354,329343,123,0.97,6.29,1.2,6,531
2017,1,China,X3,Electric,Electric,113543,110038,85,0.97,6.29,1.2,6,586
2015,4,UK,X3,SUV,Electric,53157,107786,173,0.97,6.29,1.2,8,667
2022,6,China,3 Series,Sedan,Electric,70315,421780,94,0.97,6.29,1.2,2,559
2017,6,India,iX,SUV,Hybrid,70932,286042,58,0.97,6.29,1.2,9,502
2017,12,Australia,X5,Sedan,Electric,56164,361438,335,0.97,6.29,1.2,2,822
2015,8,Canada,i7,Electric,Hybrid,49414,259087,186,0.97,6.29,1.2,1,564
2019,1,China,i7,Electric,Diesel,49327,215250,396,0.97,6.29,1.2,10,1066
2024,7,Germany,i4,SUV,Petrol,35946,455881,398,0.97,6.29,1.2,2,871
2021,1,Germany,X3,Electric,Petrol,49693,312678,227,0.97,6.29,1.2,7,592
2024,7,USA,3 Series,Sedan,Hybrid,62241,403972,198,0.97,6.29,1.2,8,508
2023,3,China,i7,Electric,Diesel,50540,348276,355,0.97,6.29,1.2,5,1177
2021,11,Canada,3 Series,SUV,Hybrid,107255,427864,239,0.97,6.29,1.2,6,630
2023,8,Brazil,i4,SUV,Diesel,99757,348254,264,0.97,6.29,1.2,1,845
2022,3,Japan,X3,SUV,Electric,76203,239826,245,0.97,6.29,1.2,6,880
2016,1,Canada,7 Series,Sedan,Diesel,60081,375724,35,0.97,6.29,1.2,8,100
2015,8,Japan,X7,Sedan,Diesel,96861,465685,81,0.97,6.29,1.2,3,451
2021,3,Japan,X7,Sedan,Diesel,46350,376160,270,0.97,6.29,1.2,1,944
2021,2,Australia,i7,Sedan,Petrol,90512,96233,263,0.97,6.29,1.2,4,705
2022,1,USA,X7,Sedan,Diesel,91809,442007,280,0.97,6.29,1.2,1,947
2019,3,Canada,7 Series,Electric,Electric,77832,247780,132,0.97,6.29,1.2,8,658
2017,2,Canada,3 Series,Sedan,Electric,63369,274522,153,0.97,6.29,1.2,5,532
2022,2,Australia,i4,Sedan,Electric,66728,156311,266,0.97,6.29,1.2,1,904
2020,6,China,7 Series,Electric,Diesel,52576,84409,153,0.97,6.29,1.2,8,728
2017,12,China,i4,Sedan,Hybrid,64001,296231,268,0.97,6.29,1.2,9,709
2015,1,China,i4,SUV,Hybrid,118384,462540,56,0.97,6.29,1.2,10,368
2017,2,France,X3,Sedan,Electric,35390,451954,360,0.97,6.29,1.2,2,1007
2019,6,Japan,3 Series,Sedan,Petrol,80436,336198,22,0.97,6.29,1.2,9,193
2017,3,France,iX,SUV,Hybrid,46569,79709,385,0.97,6.29,1.2,8,874
2015,4,USA,X7,SUV,Diesel,48029,159321,217,0.97,6.29,1.2,7,622
2019,1,Australia,iX,SUV,Hybrid,57490,50363,320,0.97,6.29,1.2,3,1049
2024,8,Canada,X3,SUV,Electric,80875,322502,244,0.97,6.29,1.2,2,857
2021,7,Japan,i4,Sedan,Petrol,40867,446456,158,0.97,6.29,1.2,7,426
2021,7,France,i7,SUV,Hybrid,115820,95689,331,0.97,6.29,1.2,5,1055
2023,3,France,X7,SUV,Hybrid,44121,314080,164,0.97,6.29,1.2,6,742
2024,10,UK,X7,Electric,Electric,36539,424416,175,0.97,6.29,1.2,4,686
2024,10,France,3 Series,SUV,Petrol,52027,141074,99,0.97,6.29,1.2,2,299
2017,3,Brazil,X1,SUV,Petrol,109229,225037,195,0.97,6.29,1.2,9,716
2021,2,Canada,5 Series,Electric,Electric,43921,258606,327,0.97,6.29,1.2,3,906
2015,12,Brazil,5 Series,Electric,Diesel,85435,50882,367,0.97,6.29,1.2,7,1038
2018,1,Canada,5 Series,Sedan,Hybrid,45310,463440,183,0.97,6.29,1.2,8,421
2018,7,Australia,X1,Electric,Diesel,98965,417371,226,0.97,6.29,1.2,2,551
2019,7,Canada,3 Series,Sedan,Hybrid,104922,304822,273,0.97,6.29,1.2,6,941
2021,12,Brazil,X1,Electric,Hybrid,117839,175865,106,0.97,6.29,1.2,8,626
2021,2,Canada,5 Series,Electric,Diesel,47242,173745,126,0.97,6.29,1.2,7,632
2018,7,Australia,X3,Sedan,Electric,43947,474041,208,0.97,6.29,1.2,3,837
2021,8,Australia,7 Series,Electric,Electric,106466,78885,329,0.97,6.29,1.2,1,749
2017,1,USA,i4,Sedan,Hybrid,96816,221128,30,0.97,6.29,1.2,6,373
2020,9,Canada,X1,Electric,Electric,83785,446419,209,0.97,6.29,1.2,8,753
2016,7,UK,3 Series,SUV,Hybrid,35507,241313,380,0.97,6.29,1.2,6,1169
2024,3,China,3 Series,Electric,Electric,101972,445460,350,0.97,6.29,1.2,5,780
2023,8,Germany,iX,Sedan,Hybrid,62151,410466,257,0.97,6.29,1.2,8,756
2019,7,Australia,7 Series,Electric,Electric,46618,380763,285,0.97,6.29,1.2,2,848
2020,11,India,i7,Sedan,Petrol,109286,71584,273,0.97,6.29,1.2,1,911
2018,8,China,X7,Sedan,Diesel,51122,320665,67,0.97,6.29,1.2,1,530
2024,6,Japan,5 Series,SUV,Petrol,42354,231089,311,0.97,6.29,1.2,4,989
2021,9,Canada,i7,SUV,Diesel,65979,345685,40,0.97,6.29,1.2,6,203
2023,5,Brazil,iX,Sedan,Diesel,114376,79063,258,0.97,6.29,1.2,9,685
2021,3,Germany,5 Series,Electric,Hybrid,87774,120268,102,0.97,6.29,1.2,1,408
2015,3,India,7 Series,Sedan,Diesel,40037,306306,274,0.97,6.29,1.2,1,762
2015,1,China,iX,Sedan,Petrol,63633,176218,280,0.97,6.29,1.2,5,941
2023,12,Canada,5 Series,Electric,Petrol,59495,430350,103,0.97,6.29,1.2,10,425
2023,8,USA,7 Series,Electric,Electric,99550,274126,163,0.97,6.29,1.2,5,596
2018,2,Japan,X5,Electric,Petrol,116384,220635,294,0.97,6.29,1.2,5,769
2023,3,Germany,i7,Electric,Electric,71483,220824,89,0.97,6.29,1.2,10,543
2017,8,UK,i7,Sedan,Diesel,108373,276305,301,0.97,6.29,1.2,6,997
2021,8,USA,X7,Sedan,Petrol,69069,445783,93,0.97,6.29,1.2,8,357
2020,11,India,7 Series,SUV,Diesel,42370,459337,374,0.97,6.29,1.2,3,1043
2022,4,Germany,X1,Sedan,Petrol,106947,444890,383,0.97,6.29,1.2,9,849
2023,4,USA,X5,Electric,Petrol,74133,126411,46,0.97,6.29,1.2,1,122
2019,5,Japan,X3,SUV,Electric,35692,159876,351,0.97,6.29,1.2,4,916
2015,6,UK,5 Series,Electric,Diesel,63926,248153,336,0.97,6.29,1.2,9,882
2017,5,USA,X5,Sedan,Petrol,108984,210212,241,0.97,6.29,1.2,8,472
2024,7,France,7 Series,SUV,Hybrid,78390,190399,102,0.97,6.29,1.2,10,448
2022,2,UK,i4,Electric,Diesel,84593,73331,345,0.97,6.29,1.2,9,956
2020,7,India,5 Series,SUV,Diesel,110609,73004,111,0.97,6.29,1.2,1,628
2022,10,Japan,3 Series,SUV,Diesel,40209,288441,175,0.97,6.29,1.2,9,806
2023,7,Canada,i7,Sedan,Electric,41533,431387,168,0.97,6.29,1.2,3,465
2018,1,Brazil,7 Series,Electric,Hybrid,42211,453708,23,0.97,6.29,1.2,10,121
2015,7,Brazil,3 Series,SUV,Diesel,44927,498013,382,0.97,6.29,1.2,9,923
2015,5,Brazil,X7,SUV,Petrol,112463,239167,234,0.97,6.29,1.2,1,507
2024,3,Germany,iX,Electric,Petrol,59594,456965,82,0.97,6.29,1.2,1,288
2018,3,India,X3,SUV,Electric,109852,375361,258,0.97,6.29,1.2,9,519
2021,4,Japan,X3,SUV,Petrol,112713,139044,100,0.97,6.29,1.2,6,527
2016,12,UK,3 Series,SUV,Diesel,111382,321189,225,0.97,6.29,1.2,4,883
2017,2,Germany,i7,Electric,Petrol,42933,332260,99,0.97,6.29,1.2,7,361
2015,2,India,X7,Electric,Diesel,75696,68667,38,0.97,6.29,1.2,5,388
2019,1,Canada,i4,Electric,Petrol,100449,387201,314,0.97,6.29,1.2,10,844
2015,5,France,i7,Electric,Hybrid,102616,124205,229,0.97,6.29,1.2,7,687
2022,4,Japan,X5,Sedan,Electric,41089,77302,337,0.97,6.29,1.2,8,880
2015,11,Brazil,X3,SUV,Electric,91548,454499,224,0.97,6.29,1.2,8,887
2015,10,USA,X5,Electric,Hybrid,61123,212007,230,0.97,6.29,1.2,1,788
2016,2,Japan,5 Series,SUV,Hybrid,42797,122534,398,0.97,6.29,1.2,8,1026
2016,3,Australia,X1,SUV,Electric,85013,275414,51,0.97,6.29,1.2,6,347
2020,7,India,7 Series,Sedan,Hybrid,43346,212696,144,0.97,6.29,1.2,4,386
2021,7,China,X7,Electric,Diesel,68672,63440,51,0.97,6.29,1.2,8,187
2019,12,Canada,i7,Electric,Petrol,52653,423145,173,0.97,6.29,1.2,3,599
2015,4,France,X3,SUV,Electric,84556,358645,370,0.97,6.29,1.2,4,815
2015,5,Canada,X5,Electric,Hybrid,61140,444485,292,0.97,6.29,1.2,6,1044
2017,5,Japan,iX,SUV,Diesel,36184,320012,67,0.97,6.29,1.2,7,536
2016,6,China,5 Series,SUV,Electric,69493,211323,311,0.97,6.29,1.2,4,967
2019,9,Australia,7 Series,Sedan,Hybrid,79148,390053,331,0.97,6.29,1.2,4,744
2024,2,UK,7 Series,Sedan,Electric,59846,134523,34,0.97,6.29,1.2,7,341
2020,5,USA,i7,Sedan,Hybrid,57195,219801,82,0.97,6.29,1.2,6,511
2021,12,China,X7,SUV,Electric,40606,65734,382,0.97,6.29,1.2,8,790
2018,3,India,i4,Electric,Diesel,38956,223501,138,0.97,6.29,1.2,1,457
2021,4,Brazil,iX,Sedan,Diesel,51555,222409,96,0.97,6.29,1.2,10,245
2022,10,Australia,i7,Electric,Petrol,53690,483541,339,0.97,6.29,1.2,7,818
2015,6,USA,X5,Sedan,Electric,93502,395744,162,0.97,6.29,1.2,7,596
2020,12,France,X1,Sedan,Petrol,83849,320577,191,0.97,6.29,1.2,7,396
2022,8,Brazil,3 Series,SUV,Electric,61347,190183,134,0.97,6.29,1.2,7,523
2019,1,Japan,i4,Sedan,Hybrid,84056,153986,76,0.97,6.29,1.2,10,419
2018,10,China,X7,Sedan,Hybrid,98851,375897,15,0.97,6.29,1.2,10,173
2016,8,USA,5 Series,SUV,Petrol,116502,163783,134,0.97,6.29,1.2,8,393
2020,11,Germany,i4,Electric,Electric,116418,261655,323,0.97,6.29,1.2,9,654
2020,7,UK,X3,Sedan,Petrol,105211,333895,335,0.97,6.29,1.2,9,773
2015,1,UK,X7,SUV,Diesel,76850,197525,62,0.97,6.29,1.2,2,211
2023,2,Australia,X1,Sedan,Petrol,113545,266916,75,0.97,6.29,1.2,7,375
2020,3,France,X3,SUV,Petrol,62843,482184,323,0.97,6.29,1.2,7,975
2017,1,Australia,i4,Electric,Hybrid,97320,211149,91,0.97,6.29,1.2,4,396
2018,9,Germany,3 Series,Electric,Petrol,64793,289654,96,0.97,6.29,1.2,9,500
2018,8,India,3 Series,SUV,Electric,74516,477991,11,0.97,6.29,1.2,8,142
2017,2,France,X1,SUV,Hybrid,52857,239216,213,0.97,6.29,1.2,1,523
2024,9,Canada,7 Series,SUV,Petrol,54627,360714,159,0.97,6.29,1.2,2,697
2017,7,India,iX,Electric,Diesel,96822,227169,302,0.97,6.29,1.2,2,941
2017,9,France,5 Series,Sedan,Petrol,119101,336647,112,0.97,6.29,1.2,8,446
2018,6,France,7 Series,Electric,Petrol,87248,183851,33,0.97,6.29,1.2,1,477
2021,6,Germany,3 Series,SUV,Petrol,90798,398984,377,0.97,6.29,1.2,4,1008
2018,11,Japan,3 Series,SUV,Hybrid,79116,181827,221,0.97,6.29,1.2,10,781
2023,4,Germany,X5,Electric,Electric,110318,351407,74,0.97,6.29,1.2,5,532
2015,10,France,X3,SUV,Diesel,63557,420635,218,0.97,6.29,1.2,9,542
2022,10,USA,i4,Electric,Petrol,106334,367231,260,0.97,6.29,1.2,7,796
2021,2,India,5 Series,SUV,Electric,110163,485497,394,0.97,6.29,1.2,8,1237
2016,7,Germany,X1,Sedan,Electric,113002,101482,126,0.97,6.29,1.2,9,318
2022,5,Japan,i4,Sedan,Hybrid,77614,498073,125,0.97,6.29,1.2,7,592
2015,11,China,X5,SUV,Diesel,47720,172989,246,0.97,6.29,1.2,5,677
2023,6,Australia,3 Series,Electric,Hybrid,92608,460616,114,0.97,6.29,1.2,5,551
2023,2,France,X1,Sedan,Electric,107095,352259,268,0.97,6.29,1.2,10,924
2016,5,Canada,3 Series,Electric,Electric,119694,326393,55,0.97,6.29,1.2,6,536
2021,10,China,5 Series,SUV,Electric,70892,294255,320,0.97,6.29,1.2,5,1099
2024,4,UK,X3,Electric,Hybrid,112242,490041,340,0.97,6.29,1.2,9,894
2017,9,Brazil,i4,Sedan,Diesel,112606,160361,225,0.97,6.29,1.2,3,665
2021,6,Japan,i4,Electric,Petrol,35924,336744,310,0.97,6.29,1.2,3,830
2024,2,Canada,7 Series,Electric,Hybrid,86322,349850,342,0.97,6.29,1.2,7,705
2023,1,Brazil,X1,SUV,Electric,61478,331366,33,0.97,6.29,1.2,7,360
2018,5,Japan,iX,SUV,Hybrid,106042,411185,44,0.97,6.29,1.2,6,152
2015,9,USA,X5,SUV,Electric,81418,416648,33,0.97,6.29,1.2,3,162
2016,6,Australia,iX,Sedan,Petrol,97217,91139,37,0.97,6.29,1.2,7,411
2015,10,China,7 Series,Sedan,Petrol,115846,164919,25,0.97,6.29,1.2,5,359
2019,12,India,5 Series,SUV,Diesel,108762,297677,68,0.97,6.29,1.2,7,367
2019,7,Japan,X5,SUV,Electric,46781,353446,252,0.97,6.29,1.2,2,644
2021,5,India,X3,Sedan,Diesel,40515,275756,216,0.97,6.29,1.2,6,530
2023,10,Australia,iX,Sedan,Diesel,71133,399982,280,0.97,6.29,1.2,8,899
2023,6,France,X3,Sedan,Petrol,117508,189718,258,0.97,6.29,1.2,1,550
2017,5,UK,iX,Sedan,Hybrid,111946,194615,276,0.97,6.29,1.2,4,903
2017,11,China,X3,SUV,Hybrid,44095,275568,202,0.97,6.29,1.2,1,860
2017,9,Australia,iX,Sedan,Diesel,55470,203857,344,0.97,6.29,1.2,1,1012
2018,6,Australia,X3,SUV,Petrol,78129,390497,227,0.97,6.29,1.2,10,538
2022,11,USA,7 Series,Electric,Electric,43531,474622,124,0.97,6.29,1.2,8,516
2020,8,Brazil,X7,Electric,Hybrid,72038,401136,77,0.97,6.29,1.2,7,407
2022,2,UK,X5,Sedan,Diesel,77674,363572,308,0.97,6.29,1.2,10,925
2015,12,China,X1,Electric,Hybrid,117476,73777,334,0.97,6.29,1.2,1,1025
2022,9,France,5 Series,Electric,Hybrid,64831,107939,84,0.97,6.29,1.2,2,450
2018,5,France,i7,Electric,Electric,92174,496242,112,0.97,6.29,1.2,4,543
2015,7,Germany,3 Series,Sedan,Petrol,46279,398594,306,0.97,6.29,1.2,1,999
2022,10,Australia,X1,Sedan,Electric,73220,472769,187,0.97,6.29,1.2,3,811
2018,1,Japan,3 Series,Electric,Petrol,95610,73548,224,0.97,6.29,1.2,8,685
2020,10,USA,X5,SUV,Hybrid,87719,480481,324,0.97,6.29,1.2,8,847
2022,5,UK,X1,Electric,Diesel,88051,175549,48,0.97,6.29,1.2,8,209
2018,12,France,X3,Sedan,Electric,107013,483917,268,0.97,6.29,1.2,6,840
2017,10,China,X3,Sedan,Petrol,91652,494503,213,0.97,6.29,1.2,6,725
2023,2,Germany,i7,Sedan,Hybrid,100524,187799,16,0.97,6.29,1.2,5,344
2017,12,China,3 Series,Electric,Petrol,117936,291532,58,0.97,6.29,1.2,9,441
2023,6,USA,5 Series,SUV,Petrol,41470,231789,35,0.97,6.29,1.2,4,281
2016,11,Japan,X5,Sedan,Petrol,102598,475643,170,0.97,6.29,1.2,10,625
2016,1,Germany,X3,Sedan,Hybrid,76798,197764,366,0.97,6.29,1.2,7,1104
2016,3,Germany,X7,Electric,Diesel,88473,81625,185,0.97,6.29,1.2,1,540
2020,5,Brazil,7 Series,SUV,Diesel,54880,337062,88,0.97,6.29,1.2,9,457
2017,4,UK,7 Series,Electric,Diesel,79439,484352,11,0.97,6.29,1.2,7,420
2023,3,Germany,iX,Sedan,Petrol,49308,426970,392,0.97,6.29,1.2,10,897
2018,10,Brazil,5 Series,SUV,Hybrid,70081,164881,141,0.97,6.29,1.2,9,529
2015,5,Brazil,7 Series,SUV,Petrol,110242,495625,285,0.97,6.29,1.2,7,943
2018,11,USA,iX,Sedan,Diesel,85383,327721,126,0.97,6.29,1.2,2,634
2015,8,India,3 Series,SUV,Diesel,44837,397299,173,0.97,6.29,1.2,6,670
2019,11,China,X3,SUV,Hybrid,87151,161776,297,0.97,6.29,1.2,10,1001
2018,4,Japan,X3,Electric,Petrol,71824,411390,37,0.97,6.29,1.2,4,191
2022,1,Canada,X7,Sedan,Electric,68073,283996,342,0.97,6.29,1.2,3,937
2022,11,China,X1,Sedan,Electric,61299,307831,10,0.97,6.29,1.2,2,471
2021,7,Germany,7 Series,Sedan,Diesel,93861,262803,197,0.97,6.29,1.2,6,615
2017,8,Japan,3 Series,Sedan,Hybrid,65063,208761,65,0.97,6.29,1.2,8,245
2015,3,France,i4,Sedan,Petrol,104453,192226,44,0.97,6.29,1.2,6,265
2015,6,India,7 Series,SUV,Petrol,103472,407092,121,0.97,6.29,1.2,9,313
2017,2,France,5 Series,Electric,Diesel,49506,71341,295,0.97,6.29,1.2,5,674
2020,7,France,X1,Sedan,Diesel,114854,409698,319,0.97,6.29,1.2,2,807
2021,8,UK,7 Series,Electric,Petrol,61026,255753,45,0.97,6.29,1.2,8,201
2020,6,China,3 Series,Electric,Petrol,62672,419942,226,0.97,6.29,1.2,9,848
2020,6,Canada,7 Series,SUV,Diesel,73417,358474,89,0.97,6.29,1.2,10,447
2020,5,USA,5 Series,Sedan,Petrol,87413,299141,323,0.97,6.29,1.2,4,1051
2017,8,Canada,i4,SUV,Electric,100066,399903,92,0.97,6.29,1.2,6,436
2020,1,France,X5,Sedan,Diesel,94213,249488,74,0.97,6.29,1.2,10,197
2022,10,Germany,i7,SUV,Petrol,85971,306139,334,0.97,6.29,1.2,8,1021
2016,4,India,i4,Electric,Diesel,62281,398951,137,0.97,6.29,1.2,9,640
2019,4,Australia,iX,Sedan,Hybrid,63091,345457,316,0.97,6.29,1.2,5,1081
2015,3,Canada,7 Series,Electric,Diesel,85494,359044,31,0.97,6.29,1.2,6,100
2015,3,France,X3,Electric,Diesel,53610,128840,225,0.97,6.29,1.2,4,675
2019,4,India,X7,SUV,Hybrid,36079,215767,116,0.97,6.29,1.2,5,351
2017,11,Japan,X3,Sedan,Electric,81751,211297,118,0.97,6.29,1.2,7,355
2018,1,China,i4,Electric,Petrol,90432,398216,381,0.97,6.29,1.2,9,1195
2017,11,Brazil,X3,SUV,Hybrid,65951,408511,366,0.97,6.29,1.2,10,811
2015,11,UK,3 Series,Sedan,Diesel,115863,99156,190,0.97,6.29,1.2,6,473
2015,2,India,X3,Sedan,Petrol,113291,258281,365,0.97,6.29,1.2,6,1027
2019,9,Germany,X1,Electric,Hybrid,94872,137453,173,0.97,6.29,1.2,8,505
2020,10,Germany,X5,Sedan,Petrol,42235,208901,77,0.97,6.29,1.2,4,369
2017,2,India,7 Series,Electric,Petrol,117733,75938,301,0.97,6.29,1.2,3,782
2023,5,Germany,X3,Sedan,Hybrid,97712,109164,189,0.97,6.29,1.2,7,432
2019,9,China,5 Series,SUV,Petrol,56473,497746,190,0.97,6.29,1.2,5,773
2022,9,Germany,X5,Electric,Electric,102567,249271,178,0.97,6.29,1.2,2,554
2015,8,Canada,X5,Electric,Hybrid,114823,110282,31,0.97,6.29,1.2,2,398
2019,1,Brazil,X3,Sedan,Electric,67230,359945,75,0.97,6.29,1.2,6,424
2017,1,Germany,X5,Sedan,Diesel,119573,452681,30,0.97,6.29,1.2,8,67
2015,9,Brazil,X7,Electric,Petrol,103876,315470,109,0.97,6.29,1.2,1,540
2018,11,France,X3,Sedan,Diesel,75644,446875,393,0.97,6.29,1.2,6,887
2019,8,USA,3 Series,SUV,Diesel,83664,208666,309,0.97,6.29,1.2,2,687
2021,10,China,i4,Sedan,Petrol,80203,165819,112,0.97,6.29,1.2,2,514
2015,9,USA,X1,SUV,Hybrid,101677,316907,56,0.97,6.29,1.2,7,255
2017,7,France,i7,SUV,Petrol,60425,191900,48,0.97,6.29,1.2,10,302
2016,3,China,iX,SUV,Diesel,119817,359732,294,0.97,6.29,1.2,1,730
2023,3,India,X5,SUV,Diesel,104806,323365,319,0.97,6.29,1.2,6,847
2024,2,India,3 Series,SUV,Hybrid,77814,454427,99,0.97,6.29,1.2,7,498
2020,5,Brazil,7 Series,Sedan,Petrol,105219,63569,94,0.97,6.29,1.2,8,176
2024,12,France,7 Series,SUV,Diesel,84646,277966,282,0.97,6.29,1.2,7,736
2017,12,Brazil,iX,Sedan,Electric,74884,87860,345,0.97,6.29,1.2,6,836
2022,3,UK,X1,SUV,Diesel,104322,252630,197,0.97,6.29,1.2,9,609
2022,6,Germany,X5,Electric,Diesel,56650,357481,168,0.97,6.29,1.2,3,753
2016,2,Australia,X7,SUV,Hybrid,44190,495527,252,0.97,6.29,1.2,6,632
2020,12,UK,iX,Electric,Electric,73196,194587,82,0.97,6.29,1.2,4,531
2021,3,Germany,X1,SUV,Diesel,74449,121695,58,0.97,6.29,1.2,2,542
2016,5,China,X5,SUV,Diesel,74661,303078,110,0.97,6.29,1.2,1,529
2024,12,Brazil,3 Series,SUV,Electric,64709,292599,11,0.97,6.29,1.2,1,130
2016,11,China,i4,Electric,Petrol,115428,418893,253,0.97,6.29,1.2,10,533
2024,11,China,X7,Electric,Petrol,110179,205976,185,0.97,6.29,1.2,3,430
2015,1,Germany,i7,SUV,Diesel,44943,241007,247,0.97,6.29,1.2,4,647
2022,1,France,7 Series,Sedan,Diesel,78240,355934,68,0.97,6.29,1.2,2,520
2015,10,Germany,5 Series,SUV,Petrol,80760,380724,362,0.97,6.29,1.2,1,961
2023,9,Japan,3 Series,Electric,Hybrid,56042,55636,108,0.97,6.29,1.2,4,552
2020,7,India,7 Series,SUV,Electric,78894,311578,368,0.97,6.29,1.2,7,1150
2021,1,India,X3,Electric,Electric,41869,389273,11,0.97,6.29,1.2,10,361
2024,12,UK,5 Series,Electric,Hybrid,96078,446108,252,0.97,6.29,1.2,6,630
2021,8,India,7 Series,Electric,Hybrid,91759,333816,306,0.97,6.29,1.2,6,876
2024,3,Germany,X1,SUV,Hybrid,79306,317956,220,0.97,6.29,1.2,9,525
2017,8,Canada,X7,Electric,Hybrid,90371,277693,132,0.97,6.29,1.2,2,718
2016,5,Brazil,7 Series,Electric,Hybrid,55918,50654,238,0.97,6.29,1.2,4,680
2023,1,Germany,i7,SUV,Hybrid,63379,104633,91,0.97,6.29,1.2,5,466
2022,7,Germany,i4,Electric,Electric,118232,67143,153,0.97,6.29,1.2,1,497
2024,5,Australia,X1,SUV,Hybrid,37962,105934,397,0.97,6.29,1.2,8,893
2021,6,Brazil,3 Series,Electric,Petrol,48851,379478,149,0.97,6.29,1.2,8,347
2023,6,Japan,3 Series,Sedan,Hybrid,80747,153463,38,0.97,6.29,1.2,6,158
2018,8,India,3 Series,Sedan,Hybrid,87349,175851,279,0.97,6.29,1.2,5,701
2018,9,Brazil,3 Series,Electric,Electric,105832,79087,256,0.97,6.29,1.2,8,657
2015,2,India,i4,Sedan,Electric,91356,192690,21,0.97,6.29,1.2,3,306
2022,9,UK,7 Series,SUV,Hybrid,49745,320590,364,0.97,6.29,1.2,3,958
2017,12,Brazil,X5,Sedan,Electric,40730,414271,398,0.97,6.29,1.2,2,1096
2021,11,India,7 Series,Electric,Diesel,48921,361011,346,0.97,6.29,1.2,5,1086
2016,10,Japan,X3,Electric,Electric,106138,494244,115,0.97,6.29,1.2,3,647
2016,9,USA,X7,SUV,Electric,118111,372245,41,0.97,6.29,1.2,3,290
2021,10,China,5 Series,Electric,Electric,54023,208272,83,0.97,6.29,1.2,6,475
2020,10,China,X5,SUV,Electric,80349,276179,180,0.97,6.29,1.2,8,521
2017,7,Japan,X5,Sedan,Petrol,116533,400218,346,0.97,6.29,1.2,2,1019
2023,1,Australia,7 Series,Sedan,Petrol,118286,242537,78,0.97,6.29,1.2,4,421
2024,7,USA,X5,SUV,Petrol,76979,267508,310,0.97,6.29,1.2,7,630
2020,10,UK,iX,SUV,Hybrid,57837,168422,371,0.97,6.29,1.2,1,811
2024,5,Japan,iX,Electric,Hybrid,49997,400036,146,0.97,6.29,1.2,1,465
2024,6,China,X3,Sedan,Diesel,80039,269631,109,0.97,6.29,1.2,10,542
2020,10,China,5 Series,SUV,Petrol,55923,432188,155,0.97,6.29,1.2,7,395
2015,7,China,i7,Sedan,Hybrid,43876,89148,18,0.97,6.29,1.2,7,467
2018,5,France,i4,SUV,Electric,95973,395072,71,0.97,6.29,1.2,1,536
2024,7,Japan,7 Series,Sedan,Electric,37887,201770,194,0.97,6.29,1.2,1,571
2020,9,Germany,i4,Electric,Petrol,98723,485686,38,0.97,6.29,1.2,4,206
2020,3,UK,i7,Sedan,Diesel,77422,363804,390,0.97,6.29,1.2,5,1135
2019,8,China,7 Series,Sedan,Diesel,86413,497126,123,0.97,6.29,1.2,5,453
2015,2,India,7 Series,Sedan,Electric,37841,347594,152,0.97,6.29,1.2,4,517
2022,11,Japan,5 Series,Sedan,Diesel,63756,237535,399,0.97,6.29,1.2,8,1137
2019,7,France,i4,Sedan,Petrol,106576,345901,129,0.97,6.29,1.2,7,539
2019,2,Japan,iX,Electric,Electric,45304,128012,179,0.97,6.29,1.2,9,613
2021,4,UK,3 Series,SUV,Hybrid,65341,418894,166,0.97,6.29,1.2,7,730
2018,7,France,i4,Sedan,Hybrid,39758,439187,344,0.97,6.29,1.2,10,934
2020,3,UK,X7,Electric,Diesel,52010,474606,358,0.97,6.29,1.2,1,980
2018,2,Japan,X7,Sedan,Electric,95758,106116,269,0.97,6.29,1.2,7,725
2017,11,Germany,7 Series,Sedan,Electric,66658,194233,91,0.97,6.29,1.2,1,499
2021,10,UK,3 Series,SUV,Hybrid,84002,82152,251,0.97,6.29,1.2,7,662
2022,7,France,X1,Sedan,Electric,36375,156379,181,0.97,6.29,1.2,10,608
2018,1,France,i7,Electric,Electric,57092,276905,240,0.97,6.29,1.2,8,719
2016,8,UK,X3,Electric,Electric,35490,70836,217,0.97,6.29,1.2,9,450
2024,3,Canada,3 Series,SUV,Diesel,38729,271439,84,0.97,6.29,1.2,3,257
2017,12,Japan,X3,Sedan,Electric,40974,236720,279,0.97,6.29,1.2,4,699
2015,12,Canada,i4,Electric,Petrol,118860,207403,396,0.97,6.29,1.2,4,1078
2022,2,Australia,i4,Sedan,Diesel,56398,191835,123,0.97,6.29,1.2,9,246
2017,3,Japan,X3,Sedan,Electric,69650,381588,71,0.97,6.29,1.2,7,197
2024,5,UK,i7,Sedan,Electric,56292,143109,371,0.97,6.29,1.2,3,931
2021,11,USA,3 Series,SUV,Petrol,38159,200259,329,0.97,6.29,1.2,10,1013
2024,8,UK,X1,Sedan,Diesel,97766,193029,111,0.97,6.29,1.2,5,499
2019,10,Canada,7 Series,Electric,Hybrid,52065,447595,371,0.97,6.29,1.2,7,977
2024,7,Germany,5 Series,Sedan,Hybrid,56638,471175,219,0.97,6.29,1.2,8,790
2019,7,UK,i4,Electric,Diesel,36073,132018,264,0.97,6.29,1.2,1,880
2021,12,UK,X7,Sedan,Electric,81511,173076,29,0.97,6.29,1.2,2,346
2023,7,Germany,i7,Electric,Electric,119307,208177,67,0.97,6.29,1.2,7,353
2019,8,UK,5 Series,Electric,Hybrid,64320,444093,121,0.97,6.29,1.2,2,620
2015,1,China,X1,Sedan,Hybrid,104876,229425,322,0.97,6.29,1.2,7,675
2024,4,USA,X5,Sedan,Hybrid,69924,395932,205,0.97,6.29,1.2,9,667
2024,6,India,7 Series,Electric,Petrol,116720,409014,384,0.97,6.29,1.2,2,868
2015,9,USA,i4,SUV,Hybrid,75734,265657,362,0.97,6.29,1.2,7,836
2016,2,UK,7 Series,Sedan,Petrol,103116,395452,101,0.97,6.29,1.2,4,231
2020,1,China,5 Series,SUV,Diesel,75025,494783,61,0.97,6.29,1.2,2,567
2023,10,Japan,7 Series,Sedan,Electric,37159,370057,302,0.97,6.29,1.2,7,1016
2022,12,UK,X5,Sedan,Hybrid,83940,52637,17,0.97,6.29,1.2,5,386
2019,2,Canada,5 Series,Sedan,Electric,114436,354169,309,0.97,6.29,1.2,1,730
2015,7,China,i4,Sedan,Electric,111976,287989,107,0.97,6.29,1.2,5,552
2021,3,Germany,3 Series,SUV,Hybrid,49678,282259,245,0.97,6.29,1.2,3,875
2019,10,China,X7,Sedan,Hybrid,96075,411652,398,0.97,6.29,1.2,7,1083
2020,2,Germany,5 Series,Electric,Diesel,82204,132464,383,0.97,6.29,1.2,6,978
2021,11,Australia,iX,Electric,Petrol,47021,340886,78,0.97,6.29,1.2,8,248
2017,7,India,X5,SUV,Petrol,41772,61831,54,0.97,6.29,1.2,5,351
2024,2,Brazil,5 Series,Sedan,Electric,102163,163768,146,0.97,6.29,1.2,2,556
2017,3,China,5 Series,Electric,Hybrid,108755,296983,243,0.97,6.29,1.2,9,578
2019,11,France,iX,SUV,Diesel,58464,397236,41,0.97,6.29,1.2,8,147
2020,7,Canada,i4,Sedan,Diesel,86137,403023,298,0.97,6.29,1.2,6,886
2023,4,UK,5 Series,Electric,Diesel,65232,400514,135,0.97,6.29,1.2,10,319
2019,1,Canada,X7,Electric,Diesel,96497,438681,76,0.97,6.29,1.2,7,369
2015,5,USA,7 Series,SUV,Diesel,109024,489978,39,0.97,6.29,1.2,9,493
2018,12,Brazil,i4,Sedan,Petrol,86448,154824,123,0.97,6.29,1.2,7,581
2019,9,USA,X7,Sedan,Petrol,119517,138741,213,0.97,6.29,1.2,3,517
2024,8,Australia,i4,Electric,Petrol,35901,68830,38,0.97,6.29,1.2,6,207
2024,12,Brazil,X7,Electric,Hybrid,118597,367188,140,0.97,6.29,1.2,7,281
2019,9,Brazil,X5,Electric,Electric,37881,386092,194,0.97,6.29,1.2,2,775
2021,10,USA,X7,Sedan,Diesel,64863,119202,262,0.97,6.29,1.2,3,724
2018,9,Germany,X3,SUV,Hybrid,40622,349189,295,0.97,6.29,1.2,4,664
2015,7,USA,X7,SUV,Diesel,36378,267394,395,0.97,6.29,1.2,10,953
2019,4,Canada,3 Series,Sedan,Petrol,118168,252123,71,0.97,6.29,1.2,6,187
2021,5,Germany,3 Series,SUV,Hybrid,106186,419653,12,0.97,6.29,1.2,1,305
2024,1,Canada,i7,Electric,Petrol,80201,207699,77,0.97,6.29,1.2,9,525
2024,1,Australia,X3,SUV,Diesel,94251,327342,34,0.97,6.29,1.2,5,451
2020,3,UK,X3,SUV,Diesel,107572,381665,188,0.97,6.29,1.2,7,813
2019,8,Japan,7 Series,SUV,Electric,74255,156471,150,0.97,6.29,1.2,9,552
2018,2,Germany,X3,Electric,Diesel,98212,341619,240,0.97,6.29,1.2,9,911
2016,4,Australia,7 Series,Sedan,Petrol,85210,286824,309,0.97,6.29,1.2,1,865
2018,2,France,i7,Electric,Diesel,57499,69403,172,0.97,6.29,1.2,1,765
2024,5,Australia,i7,Sedan,Electric,86628,53681,320,0.97,6.29,1.2,3,638
2024,9,USA,X5,Sedan,Electric,96360,403699,139,0.97,6.29,1.2,6,313
2017,1,USA,3 Series,Sedan,Petrol,39603,431028,255,0.97,6.29,1.2,2,778
2024,5,Japan,X7,SUV,Hybrid,47632,405266,306,0.97,6.29,1.2,10,947
2015,9,Australia,X7,SUV,Diesel,65607,165260,181,0.97,6.29,1.2,1,588
2022,1,India,iX,Sedan,Electric,100756,223364,73,0.97,6.29,1.2,1,517
2019,9,UK,iX,Sedan,Diesel,81994,155386,40,0.97,6.29,1.2,5,192
2018,8,USA,X1,SUV,Diesel,98382,283378,56,0.97,6.29,1.2,4,400
2022,4,Japan,i4,Electric,Hybrid,105354,448845,139,0.97,6.29,1.2,1,469
2021,12,UK,X5,Sedan,Electric,91344,143246,361,0.97,6.29,1.2,4,884
2016,11,Australia,X1,Electric,Diesel,88775,145864,342,0.97,6.29,1.2,3,910
2015,10,Australia,X1,SUV,Electric,42349,258886,119,0.97,6.29,1.2,2,372
2018,5,Brazil,5 Series,Sedan,Petrol,106154,320561,78,0.97,6.29,1.2,9,305
2022,5,Japan,5 Series,Electric,Petrol,62464,431032,67,0.97,6.29,1.2,1,636
2016,11,USA,X1,Electric,Diesel,77624,215837,115,0.97,6.29,1.2,7,433
2017,12,India,X3,Electric,Electric,72344,386643,309,0.97,6.29,1.2,4,931
2015,6,Australia,i4,SUV,Diesel,118791,443052,339,0.97,6.29,1.2,5,751
2015,7,India,X5,SUV,Electric,59299,295160,265,0.97,6.29,1.2,10,904
2017,8,Australia,X1,Electric,Electric,82975,237646,321,0.97,6.29,1.2,5,652
2019,8,USA,X7,Electric,Hybrid,36462,309278,180,0.97,6.29,1.2,1,573
2017,11,UK,i4,SUV,Hybrid,116441,339819,392,0.97,6.29,1.2,6,1027
2015,2,China,5 Series,Electric,Hybrid,116788,306681,171,0.97,6.29,1.2,9,575
2015,9,UK,X7,Electric,Diesel,75581,221635,295,0.97,6.29,1.2,2,848
2022,7,Australia,5 Series,SUV,Hybrid,106289,61332,80,0.97,6.29,1.2,7,432
2024,4,Canada,5 Series,Electric,Hybrid,49175,304817,264,0.97,6.29,1.2,6,918
2016,4,China,i4,Electric,Petrol,41191,331321,383,0.97,6.29,1.2,5,1197
2017,11,China,5 Series,Electric,Electric,118434,442704,64,0.97,6.29,1.2,4,216
2016,8,India,i7,SUV,Electric,119518,270326,332,0.97,6.29,1.2,4,847
2017,4,Japan,3 Series,Electric,Hybrid,115158,249519,12,0.97,6.29,1.2,6,72
2021,6,India,i7,SUV,Electric,101537,311849,35,0.97,6.29,1.2,4,416
2015,5,India,3 Series,SUV,Petrol,82645,369248,322,0.97,6.29,1.2,5,827
2024,3,Canada,iX,Sedan,Petrol,58283,396479,135,0.97,6.29,1.2,6,355
2022,10,UK,iX,Sedan,Hybrid,94123,427082,62,0.97,6.29,1.2,5,254
2024,11,UK,5 Series,Electric,Petrol,65024,130730,207,0.97,6.29,1.2,7,626
2024,2,France,X5,SUV,Electric,84630,448167,308,0.97,6.29,1.2,9,862
2024,9,Australia,X5,Sedan,Diesel,65734,287474,197,0.97,6.29,1.2,10,409
2016,10,Canada,3 Series,Electric,Electric,35515,340477,195,0.97,6.29,1.2,7,561
2017,9,France,X7,Sedan,Diesel,101727,333817,314,0.97,6.29,1.2,7,889
2023,1,USA,i4,Sedan,Hybrid,81216,426565,307,0.97,6.29,1.2,4,784
2021,10,Australia,5 Series,SUV,Diesel,106833,90870,213,0.97,6.29,1.2,1,495
2018,3,Australia,i4,SUV,Petrol,93755,303017,20,0.97,6.29,1.2,8,417
2024,8,Brazil,i7,Sedan,Electric,62856,177536,368,0.97,6.29,1.2,4,869
2019,6,Brazil,X5,Sedan,Diesel,108870,383245,363,0.97,6.29,1.2,1,951
2016,5,Germany,X3,SUV,Electric,59162,334965,155,0.97,6.29,1.2,5,542
2022,5,Germany,i7,Electric,Hybrid,41008,75494,94,0.97,6.29,1.2,8,398
2018,6,India,i7,SUV,Hybrid,42987,149477,109,0.97,6.29,1.2,4,296
2023,7,USA,3 Series,Sedan,Petrol,97532,438227,113,0.97,6.29,1.2,8,517
2019,1,China,7 Series,Electric,Hybrid,38332,255232,55,0.97,6.29,1.2,8,418
2023,9,China,i7,Sedan,Diesel,101323,424842,53,0.97,6.29,1.2,3,306
2018,3,Brazil,5 Series,Electric,Hybrid,73990,423704,287,0.97,6.29,1.2,9,930
2024,4,Brazil,X1,Sedan,Petrol,44873,444051,190,0.97,6.29,1.2,3,805
2019,10,Brazil,X1,Electric,Electric,117542,330790,196,0.97,6.29,1.2,1,538
2023,1,Canada,5 Series,Electric,Electric,71444,173777,123,0.97,6.29,1.2,2,697
2022,11,Japan,7 Series,Sedan,Hybrid,70340,127360,264,0.97,6.29,1.2,6,902
2017,10,Germany,7 Series,Electric,Diesel,40033,349479,390,0.97,6.29,1.2,10,1118
2015,3,Canada,3 Series,SUV,Petrol,108324,381495,389,0.97,6.29,1.2,2,1242
2017,2,UK,X5,Sedan,Diesel,50689,427078,39,0.97,6.29,1.2,6,406
2018,2,China,i4,SUV,Petrol,35066,183501,273,0.97,6.29,1.2,1,878
2016,1,Australia,7 Series,Sedan,Hybrid,80246,354094,107,0.97,6.29,1.2,1,479
2015,8,Germany,X3,Electric,Petrol,42533,110654,322,0.97,6.29,1.2,5,721
2021,3,France,3 Series,Electric,Petrol,115639,419566,376,0.97,6.29,1.2,10,1161
2022,3,UK,iX,Electric,Hybrid,105152,422078,338,0.97,6.29,1.2,9,717
2021,6,Germany,X7,Sedan,Diesel,94658,169975,124,0.97,6.29,1.2,8,428
2019,8,Canada,iX,SUV,Hybrid,73498,249215,285,0.97,6.29,1.2,3,929
2015,9,USA,3 Series,SUV,Petrol,46772,403330,290,0.97,6.29,1.2,3,1044
2021,9,Australia,i7,Sedan,Hybrid,84036,416378,284,0.97,6.29,1.2,1,1016
2021,4,Germany,i4,Sedan,Petrol,93531,152326,270,0.97,6.29,1.2,3,602
2023,5,Japan,X7,SUV,Hybrid,47940,127527,340,0.97,6.29,1.2,1,1109
2017,2,Brazil,iX,SUV,Electric,51932,398848,216,0.97,6.29,1.2,8,711
2023,11,Brazil,X7,SUV,Electric,91827,474315,393,0.97,6.29,1.2,1,896
2015,9,Australia,X3,SUV,Hybrid,96431,482601,337,0.97,6.29,1.2,5,937
2015,8,Canada,X3,Sedan,Diesel,59648,216991,220,0.97,6.29,1.2,9,724
2018,3,Brazil,X3,Sedan,Petrol,67966,146952,224,0.97,6.29,1.2,7,480
2023,11,Germany,3 Series,Electric,Electric,62777,372926,49,0.97,6.29,1.2,4,157
2020,12,France,i4,SUV,Diesel,67567,383260,35,0.97,6.29,1.2,9,488
2017,9,China,3 Series,Electric,Petrol,52174,401770,36,0.97,6.29,1.2,9,149
2015,3,China,X1,Sedan,Electric,77598,483603,199,0.97,6.29,1.2,2,863
2018,9,UK,i7,Sedan,Electric,94199,196895,92,0.97,6.29,1.2,10,512
2023,2,India,i7,Electric,Hybrid,48798,96015,393,0.97,6.29,1.2,10,1153
2017,12,USA,X3,SUV,Petrol,100364,152877,179,0.97,6.29,1.2,6,639
2023,10,Australia,X1,SUV,Diesel,52558,327483,176,0.97,6.29,1.2,4,545
2021,9,UK,7 Series,SUV,Diesel,96084,184563,197,0.97,6.29,1.2,8,430
2018,8,India,7 Series,SUV,Diesel,79237,443922,178,0.97,6.29,1.2,7,807
2017,9,Canada,X3,Electric,Petrol,100497,147493,298,0.97,6.29,1.2,7,622
2024,5,Japan,iX,Electric,Diesel,35178,196800,238,0.97,6.29,1.2,10,805
2019,11,Japan,3 Series,Sedan,Diesel,52118,450213,106,0.97,6.29,1.2,9,667
2019,11,USA,X3,SUV,Diesel,57616,241480,376,0.97,6.29,1.2,5,1202
2017,2,Brazil,X5,SUV,Hybrid,35798,441670,25,0.97,6.29,1.2,6,151
2023,8,Germany,X7,SUV,Hybrid,42601,481739,288,0.97,6.29,1.2,1,711
2018,12,UK,i7,Electric,Petrol,60363,171648,144,0.97,6.29,1.2,6,561
2019,6,UK,7 Series,SUV,Petrol,37795,337307,35,0.97,6.29,1.2,2,192
2018,8,Australia,5 Series,Electric,Diesel,80264,198790,361,0.97,6.29,1.2,6,936
2019,11,Australia,7 Series,SUV,Hybrid,107833,137508,21,0.97,6.29,1.2,9,395
2021,5,Japan,i7,SUV,Electric,38084,264839,81,0.97,6.29,1.2,8,267
2023,10,Japan,X7,Sedan,Electric,111646,351763,142,0.97,6.29,1.2,9,716
2021,2,France,i7,SUV,Diesel,35731,324270,115,0.97,6.29,1.2,10,524
2019,6,France,5 Series,SUV,Diesel,36129,114926,229,0.97,6.29,1.2,8,717
2024,5,Brazil,X3,Sedan,Hybrid,63022,90633,382,0.97,6.29,1.2,3,935
2024,12,France,X1,Electric,Hybrid,36605,258726,186,0.97,6.29,1.2,8,622
2021,12,Germany,5 Series,Electric,Hybrid,112506,53317,291,0.97,6.29,1.2,6,681
2024,5,Germany,i7,SUV,Petrol,79130,357124,142,0.97,6.29,1.2,6,348
2019,1,UK,i7,Electric,Petrol,64265,356259,31,0.97,6.29,1.2,6,231
2017,2,China,X5,SUV,Diesel,67330,242718,278,0.97,6.29,1.2,3,896
2021,8,Germany,X5,Sedan,Petrol,103469,355302,170,0.97,6.29,1.2,10,735
2016,3,India,i4,Sedan,Hybrid,50187,237035,116,0.97,6.29,1.2,1,708
2023,10,Japan,X5,SUV,Hybrid,60791,490847,288,0.97,6.29,1.2,4,625
2024,3,Australia,3 Series,Sedan,Petrol,105610,230388,362,0.97,6.29,1.2,10,1022
2024,8,France,X1,Sedan,Electric,74867,417508,244,0.97,6.29,1.2,6,951
2015,8,UK,X7,SUV,Diesel,35893,327648,27,0.97,6.29,1.2,10,212
2020,2,USA,5 Series,SUV,Electric,54773,249665,251,0.97,6.29,1.2,2,982
2021,8,Australia,i7,Sedan,Diesel,39239,469876,126,0.97,6.29,1.2,7,659
2022,11,India,i4,Electric,Electric,55863,349340,295,0.97,6.29,1.2,7,1031
2024,1,France,i4,Electric,Petrol,86415,378082,291,0.97,6.29,1.2,4,666
2023,6,India,X7,SUV,Diesel,103968,451821,153,0.97,6.29,1.2,4,601
2016,8,Japan,X1,SUV,Diesel,95430,369532,214,0.97,6.29,1.2,1,510
2024,3,Japan,5 Series,Electric,Diesel,36515,262369,48,0.97,6.29,1.2,2,474
2016,8,Brazil,7 Series,Sedan,Hybrid,49605,105501,163,0.97,6.29,1.2,9,759
2019,12,UK,X5,Electric,Hybrid,91240,234381,185,0.97,6.29,1.2,10,750
2019,1,Australia,X3,Electric,Electric,40586,77043,250,0.97,6.29,1.2,8,930
2020,11,Canada,i4,Electric,Petrol,66186,83635,395,0.97,6.29,1.2,8,905
2017,11,Canada,X5,Electric,Hybrid,61928,260387,378,0.97,6.29,1.2,9,798
2022,9,Australia,X5,SUV,Diesel,118087,130691,143,0.97,6.29,1.2,7,311
2015,11,USA,3 Series,SUV,Hybrid,55711,345276,55,0.97,6.29,1.2,9,170
2020,9,UK,X1,Sedan,Petrol,89962,327510,59,0.97,6.29,1.2,10,282
2018,5,India,X3,Sedan,Hybrid,55039,143944,175,0.97,6.29,1.2,2,668
2015,10,USA,7 Series,Sedan,Diesel,71561,253179,115,0.97,6.29,1.2,6,284
2021,4,China,i7,Sedan,Electric,110483,427411,225,0.97,6.29,1.2,3,641
2023,11,Australia,3 Series,Electric,Diesel,116395,89236,155,0.97,6.29,1.2,6,550
2018,6,India,X5,SUV,Petrol,36577,316294,81,0.97,6.29,1.2,3,626
2018,12,Canada,X5,SUV,Electric,63350,423513,339,0.97,6.29,1.2,8,1033
2020,7,Germany,iX,Sedan,Hybrid,68798,331567,282,0.97,6.29,1.2,4,730
2017,5,Brazil,X3,Sedan,Hybrid,116417,54137,256,0.97,6.29,1.2,10,705
2020,11,Canada,X3,Electric,Hybrid,45785,79992,195,0.97,6.29,1.2,6,542
2021,10,UK,iX,Electric,Electric,107227,422684,79,0.97,6.29,1.2,9,380
2024,9,Japan,X3,Sedan,Diesel,96957,165140,159,0.97,6.29,1.2,2,605
2024,3,Germany,X5,SUV,Electric,100431,225993,255,0.97,6.29,1.2,2,646
2017,7,Brazil,i4,SUV,Electric,52297,171225,271,0.97,6.29,1.2,7,738
2021,10,Brazil,5 Series,SUV,Petrol,106894,379061,35,0.97,6.29,1.2,2,467
2017,10,China,X5,Sedan,Electric,98772,385834,149,0.97,6.29,1.2,2,406
2016,11,China,3 Series,SUV,Hybrid,54581,346379,108,0.97,6.29,1.2,4,346
2024,5,France,X1,Electric,Diesel,90192,260047,287,0.97,6.29,1.2,9,784
2018,7,Canada,iX,Electric,Diesel,36462,69122,60,0.97,6.29,1.2,8,182
2022,2,Canada,7 Series,Sedan,Diesel,99173,336100,160,0.97,6.29,1.2,2,431
2023,4,Canada,i7,Electric,Hybrid,50511,113879,113,0.97,6.29,1.2,8,309
2021,2,France,7 Series,Sedan,Hybrid,111106,108560,98,0.97,6.29,1.2,4,381
2015,12,USA,X5,SUV,Hybrid,83665,422454,150,0.97,6.29,1.2,2,553
2017,7,Brazil,3 Series,SUV,Hybrid,79414,249757,222,0.97,6.29,1.2,10,632
2023,2,Germany,X5,SUV,Hybrid,116010,467876,242,0.97,6.29,1.2,7,887
2015,11,UK,X1,Electric,Electric,107573,287268,192,0.97,6.29,1.2,6,759
2023,1,Brazil,i4,Sedan,Hybrid,48386,313312,260,0.97,6.29,1.2,10,615
2022,9,China,i7,SUV,Hybrid,89460,357268,18,0.97,6.29,1.2,5,111
2015,1,India,X1,Sedan,Hybrid,41221,216969,88,0.97,6.29,1.2,1,492
2020,8,Japan,iX,SUV,Hybrid,58474,196104,61,0.97,6.29,1.2,2,245
2019,2,France,iX,Electric,Diesel,56045,364941,395,0.97,6.29,1.2,8,1114
2020,12,Australia,X5,Electric,Hybrid,39922,347438,278,0.97,6.29,1.2,1,641
2024,8,India,3 Series,Sedan,Electric,57706,487043,235,0.97,6.29,1.2,3,737
2019,3,UK,X1,Electric,Electric,77771,315660,60,0.97,6.29,1.2,2,225
2020,6,Canada,X7,Electric,Electric,87335,200823,195,0.97,6.29,1.2,5,451
2019,3,China,3 Series,Sedan,Petrol,87949,80373,43,0.97,6.29,1.2,4,265
2019,7,China,i4,SUV,Diesel,105714,172026,300,0.97,6.29,1.2,7,609
2018,10,China,iX,Electric,Hybrid,50240,80270,239,0.97,6.29,1.2,5,703
2017,9,Canada,X5,Sedan,Petrol,37716,453602,140,0.97,6.29,1.2,8,327
2017,2,Australia,X3,Electric,Hybrid,51574,282931,129,0.97,6.29,1.2,4,591
2018,12,France,iX,Electric,Petrol,118255,245889,335,0.97,6.29,1.2,6,1069
2023,12,India,i7,Electric,Petrol,108717,115184,256,0.97,6.29,1.2,4,530
2016,5,Canada,5 Series,Electric,Electric,79066,260765,201,0.97,6.29,1.2,2,587
2023,6,UK,X3,Sedan,Electric,96826,87879,332,0.97,6.29,1.2,1,905
2015,4,France,X5,Sedan,Petrol,55213,361741,219,0.97,6.29,1.2,1,717
2015,4,UK,X7,Sedan,Electric,106916,482348,112,0.97,6.29,1.2,8,408
2019,4,France,X3,Electric,Petrol,101151,53626,338,0.97,6.29,1.2,4,976
2020,2,Australia,i7,Electric,Diesel,85906,135936,381,0.97,6.29,1.2,5,802
2020,4,Japan,3 Series,Electric,Electric,35463,284873,142,0.97,6.29,1.2,8,644
2017,11,UK,X7,Sedan,Electric,66973,131515,332,0.97,6.29,1.2,7,737
2021,1,Canada,iX,Electric,Electric,109694,258137,148,0.97,6.29,1.2,8,410
2023,12,France,X7,SUV,Diesel,55651,105390,130,0.97,6.29,1.2,8,511
2024,6,China,X1,Electric,Petrol,103694,459861,103,0.97,6.29,1.2,6,527
2022,1,Brazil,i7,SUV,Hybrid,55008,273032,138,0.97,6.29,1.2,10,521
2020,10,China,X3,Electric,Electric,105474,104144,100,0.97,6.29,1.2,2,355
2022,6,USA,X1,Sedan,Petrol,73185,194454,101,0.97,6.29,1.2,6,406
2019,1,Japan,X7,Electric,Diesel,109417,54025,72,0.97,6.29,1.2,1,250
2022,6,Japan,X1,SUV,Hybrid,106139,486442,38,0.97,6.29,1.2,1,407
2024,10,China,7 Series,SUV,Electric,69980,391524,219,0.97,6.29,1.2,3,914
2018,8,India,i7,Electric,Diesel,57504,304043,21,0.97,6.29,1.2,3,387
2024,11,Australia,i4,SUV,Diesel,89970,168910,342,0.97,6.29,1.2,5,798
2022,2,UK,3 Series,SUV,Hybrid,51766,146055,306,0.97,6.29,1.2,1,1027
2024,2,Canada,X7,Sedan,Petrol,46695,438333,139,0.97,6.29,1.2,10,314
2016,12,Japan,i7,Electric,Electric,52796,255782,302,0.97,6.29,1.2,6,953
2019,4,China,i4,Electric,Electric,77543,446659,182,0.97,6.29,1.2,7,797
2023,11,China,i4,Electric,Petrol,49559,333539,217,0.97,6.29,1.2,10,668
2018,3,Australia,X5,SUV,Petrol,68139,322869,33,0.97,6.29,1.2,3,459
2020,4,Australia,X1,Electric,Petrol,43802,83461,108,0.97,6.29,1.2,4,637
2015,12,Germany,i4,Electric,Hybrid,108843,308072,365,0.97,6.29,1.2,10,822
2023,7,Germany,7 Series,Sedan,Hybrid,75205,91115,148,0.97,6.29,1.2,10,309
2015,11,India,i7,Sedan,Electric,69159,160084,323,0.97,6.29,1.2,10,994
2019,1,India,5 Series,Sedan,Hybrid,46516,395876,183,0.97,6.29,1.2,10,496
2018,6,USA,5 Series,SUV,Diesel,85492,391701,38,0.97,6.29,1.2,10,354
2017,3,India,X7,Electric,Electric,64086,383404,152,0.97,6.29,1.2,3,381
2020,11,France,iX,Sedan,Hybrid,65480,209762,325,0.97,6.29,1.2,1,984
2016,10,Australia,X1,Sedan,Petrol,87091,313551,360,0.97,6.29,1.2,8,829
2017,7,Canada,iX,Sedan,Diesel,82766,123568,51,0.97,6.29,1.2,10,106
2019,10,France,i4,Electric,Petrol,73737,108560,308,0.97,6.29,1.2,10,720
2023,2,UK,i7,Electric,Electric,44265,490556,217,0.97,6.29,1.2,2,835
2016,2,China,X7,Electric,Petrol,105990,198866,339,0.97,6.29,1.2,1,1024
2024,4,India,X3,SUV,Hybrid,50386,200953,201,0.97,6.29,1.2,8,815
2022,1,China,i4,SUV,Hybrid,72425,267364,169,0.97,6.29,1.2,7,719
2016,3,Japan,X1,Sedan,Electric,78254,286770,73,0.97,6.29,1.2,7,377
2019,9,USA,5 Series,Electric,Petrol,88634,276024,252,0.97,6.29,1.2,4,663
2021,7,Japan,X5,Sedan,Electric,82662,230775,267,0.97,6.29,1.2,9,641
2022,7,USA,i7,Electric,Petrol,110452,487570,161,0.97,6.29,1.2,6,415
2015,11,Germany,3 Series,Electric,Diesel,45143,141288,224,0.97,6.29,1.2,2,651
2020,4,China,iX,Electric,Hybrid,50581,431164,331,0.97,6.29,1.2,1,877
2015,2,USA,X7,SUV,Electric,102443,411445,175,0.97,6.29,1.2,1,533
2016,4,Brazil,iX,SUV,Diesel,64424,299836,40,0.97,6.29,1.2,9,456
2015,6,France,i7,Electric,Diesel,76984,64390,380,0.97,6.29,1.2,4,814
2019,11,USA,iX,Sedan,Electric,76505,268547,241,0.97,6.29,1.2,5,557
2024,11,USA,i7,Electric,Electric,97699,77307,291,0.97,6.29,1.2,3,730
2023,3,France,iX,Electric,Diesel,61957,277436,38,0.97,6.29,1.2,4,550
2020,1,China,7 Series,Sedan,Petrol,60464,275121,204,0.97,6.29,1.2,8,842
2015,12,China,X3,Electric,Diesel,58649,301063,343,0.97,6.29,1.2,4,1071
2015,8,France,i4,Sedan,Electric,77065,74502,265,0.97,6.29,1.2,9,929
2016,12,Japan,i4,SUV,Diesel,69758,72486,290,0.97,6.29,1.2,9,977
2023,5,Brazil,X1,SUV,Petrol,40596,423957,313,0.97,6.29,1.2,6,989
2017,5,Canada,3 Series,Sedan,Hybrid,51374,219330,330,0.97,6.29,1.2,2,1096
2015,11,UK,3 Series,SUV,Hybrid,38775,238788,332,0.97,6.29,1.2,10,835
2019,4,Brazil,X1,SUV,Diesel,62388,278300,355,0.97,6.29,1.2,7,886
2021,6,China,X5,Sedan,Petrol,56029,153920,303,0.97,6.29,1.2,9,682
2020,3,Canada,i4,SUV,Hybrid,118981,262566,96,0.97,6.29,1.2,6,622
2015,9,Germany,X5,Electric,Diesel,88639,394912,158,0.97,6.29,1.2,3,482
2019,5,India,i7,Electric,Diesel,49645,453964,258,0.97,6.29,1.2,7,739
2019,3,USA,i7,Sedan,Petrol,66105,112785,330,0.97,6.29,1.2,5,1062
2020,11,France,5 Series,SUV,Electric,48668,126050,292,0.97,6.29,1.2,1,995
2017,1,France,iX,Electric,Diesel,50960,72738,371,0.97,6.29,1.2,3,759
2019,10,USA,3 Series,Electric,Electric,46357,124231,388,0.97,6.29,1.2,5,895
2021,12,India,5 Series,SUV,Electric,99604,123606,207,0.97,6.29,1.2,7,754
2019,6,UK,X3,SUV,Hybrid,86796,353806,53,0.97,6.29,1.2,3,203
2019,2,India,X1,Electric,Electric,50804,430457,365,0.97,6.29,1.2,6,1193
2019,3,Canada,X1,Electric,Petrol,49626,277369,37,0.97,6.29,1.2,5,226
2024,1,India,i7,Sedan,Hybrid,63132,327267,26,0.97,6.29,1.2,1,267
2024,9,Canada,i4,Sedan,Hybrid,42951,206688,136,0.97,6.29,1.2,10,475
2017,8,India,X5,Electric,Hybrid,41449,323326,388,0.97,6.29,1.2,6,1119
2015,12,UK,3 Series,Sedan,Diesel,54065,402513,177,0.97,6.29,1.2,8,713
2019,2,UK,5 Series,Electric,Diesel,44130,212403,253,0.97,6.29,1.2,1,744
2023,12,China,X5,Electric,Electric,97287,227170,396,0.97,6.29,1.2,2,963
2015,11,USA,5 Series,Sedan,Hybrid,86702,76128,85,0.97,6.29,1.2,4,304
2017,8,UK,iX,Sedan,Hybrid,71993,81556,240,0.97,6.29,1.2,2,766
2018,12,Canada,X3,SUV,Petrol,66875,308470,213,0.97,6.29,1.2,9,434
2015,9,UK,X3,SUV,Electric,41054,202948,257,0.97,6.29,1.2,10,905
2015,1,China,X5,SUV,Petrol,83517,190021,311,0.97,6.29,1.2,8,662
2022,5,France,X5,Electric,Electric,111368,101962,223,0.97,6.29,1.2,8,513
2016,8,Canada,X5,Sedan,Electric,64670,140054,224,0.97,6.29,1.2,4,800
2022,11,China,5 Series,Electric,Diesel,84112,252278,167,0.97,6.29,1.2,5,679
2021,2,Japan,iX,Sedan,Diesel,63307,74099,78,0.97,6.29,1.2,4,221
2024,4,Japan,7 Series,Electric,Petrol,102087,285943,94,0.97,6.29,1.2,9,256
2024,7,Germany,X5,SUV,Electric,82922,455932,276,0.97,6.29,1.2,2,853
2016,3,India,i4,SUV,Hybrid,98080,233683,78,0.97,6.29,1.2,8,317
2020,12,USA,3 Series,SUV,Diesel,114335,219957,108,0.97,6.29,1.2,2,461
2020,5,Australia,3 Series,Electric,Hybrid,61312,365288,356,0.97,6.29,1.2,1,964
2017,8,Brazil,5 Series,Sedan,Petrol,101985,246292,225,0.97,6.29,1.2,10,453
2016,12,China,X5,Sedan,Diesel,92608,57837,170,0.97,6.29,1.2,3,622
2015,10,France,i7,SUV,Diesel,75277,230427,103,0.97,6.29,1.2,9,275
2020,3,Brazil,X1,SUV,Electric,66551,228371,183,0.97,6.29,1.2,3,400
2019,4,France,7 Series,SUV,Petrol,91597,462375,174,0.97,6.29,1.2,9,769
2023,9,Brazil,i4,SUV,Electric,80212,437356,124,0.97,6.29,1.2,7,519
2015,7,China,iX,Sedan,Diesel,44637,428824,229,0.97,6.29,1.2,10,861
2021,1,Australia,i7,Electric,Petrol,78258,298003,40,0.97,6.29,1.2,1,505
2019,12,Brazil,X3,Electric,Diesel,70693,418946,20,0.97,6.29,1.2,10,429
2019,4,China,i7,Electric,Petrol,44824,152413,352,0.97,6.29,1.2,5,1007
2016,4,UK,5 Series,Electric,Diesel,61950,101012,386,0.97,6.29,1.2,9,931
2017,9,Australia,7 Series,SUV,Hybrid,58488,180193,139,0.97,6.29,1.2,3,426
2021,6,Canada,X7,SUV,Hybrid,35215,268168,114,0.97,6.29,1.2,9,288
2020,9,France,X7,SUV,Electric,46523,198178,36,0.97,6.29,1.2,5,298
2016,12,Japan,X5,Electric,Hybrid,110900,108123,236,0.97,6.29,1.2,9,868
2020,6,India,X5,SUV,Diesel,103689,161825,11,0.97,6.29,1.2,10,92
2016,6,Japan,5 Series,SUV,Diesel,58834,58720,368,0.97,6.29,1.2,6,1006
2016,5,Australia,iX,Sedan,Hybrid,69474,218733,110,0.97,6.29,1.2,9,548
2016,5,Canada,X5,Sedan,Electric,78066,296103,30,0.97,6.29,1.2,7,187
2017,2,France,X1,SUV,Hybrid,45400,274970,67,0.97,6.29,1.2,7,286
2016,8,Canada,7 Series,Sedan,Petrol,45345,274866,398,0.97,6.29,1.2,8,916
2018,8,Brazil,5 Series,Sedan,Petrol,68896,464336,189,0.97,6.29,1.2,7,708
2023,11,France,3 Series,SUV,Petrol,63899,200862,350,0.97,6.29,1.2,9,1021
2020,1,Brazil,X3,SUV,Hybrid,63229,108655,358,0.97,6.29,1.2,9,749
2015,8,China,5 Series,SUV,Hybrid,40583,240715,29,0.97,6.29,1.2,6,417
2022,5,Australia,5 Series,SUV,Hybrid,39897,143448,264,0.97,6.29,1.2,7,631
2021,2,China,X7,Electric,Petrol,106537,228446,326,0.97,6.29,1.2,2,928
2024,2,Germany,i4,Electric,Electric,39567,223979,47,0.97,6.29,1.2,9,123
2017,6,Canada,iX,SUV,Diesel,109807,231143,157,0.97,6.29,1.2,1,380
2015,11,Brazil,i4,Sedan,Hybrid,112239,170507,34,0.97,6.29,1.2,1,446
2019,9,UK,X1,SUV,Electric,48329,346956,395,0.97,6.29,1.2,3,1088
2018,1,China,3 Series,SUV,Diesel,106792,361714,130,0.97,6.29,1.2,6,496
2024,12,Germany,X7,Sedan,Diesel,35228,363045,35,0.97,6.29,1.2,5,171
2022,6,USA,3 Series,Electric,Diesel,117214,110186,178,0.97,6.29,1.2,2,511
2015,9,Japan,X1,SUV,Electric,72052,172066,332,0.97,6.29,1.2,9,908
2024,8,France,i4,SUV,Electric,92769,440508,234,0.97,6.29,1.2,10,778
2015,11,Germany,5 Series,Electric,Petrol,81032,231323,10,0.97,6.29,1.2,4,247
2018,6,Australia,X5,Electric,Electric,68686,246243,316,0.97,6.29,1.2,4,834
2022,3,China,X5,Sedan,Electric,111981,86160,270,0.97,6.29,1.2,5,573
2019,8,Australia,i7,Electric,Electric,98261,69156,22,0.97,6.29,1.2,8,155
2016,9,Japan,X3,Electric,Diesel,37809,126208,57,0.97,6.29,1.2,10,529
2020,1,UK,iX,Electric,Hybrid,76785,199001,322,0.97,6.29,1.2,4,744
2019,12,Canada,X1,Sedan,Petrol,71547,281226,380,0.97,6.29,1.2,5,1087
2016,9,Canada,X3,Electric,Hybrid,77818,497421,300,0.97,6.29,1.2,4,684
2017,6,Australia,iX,Electric,Hybrid,106927,291766,341,0.97,6.29,1.2,6,933
2023,6,Brazil,X3,Sedan,Electric,100681,245413,103,0.97,6.29,1.2,3,235
2021,12,UK,i4,Electric,Petrol,114465,407521,270,0.97,6.29,1.2,8,553
2021,4,Canada,iX,Electric,Hybrid,72333,355007,287,0.97,6.29,1.2,6,644
2020,1,UK,i4,Sedan,Hybrid,51576,262909,368,0.97,6.29,1.2,10,1073
2022,10,Germany,5 Series,SUV,Petrol,74405,115439,214,0.97,6.29,1.2,5,597
2018,8,UK,X7,Sedan,Electric,108779,188266,194,0.97,6.29,1.2,2,827
2022,2,India,i4,Electric,Hybrid,66601,252459,184,0.97,6.29,1.2,10,425
2018,12,Japan,X5,Electric,Diesel,102946,171361,396,0.97,6.29,1.2,10,869
2022,1,Canada,X3,Electric,Hybrid,102356,262986,389,0.97,6.29,1.2,7,1067
2023,2,UK,i7,Sedan,Diesel,87116,247286,318,0.97,6.29,1.2,2,816
2017,1,Australia,7 Series,Electric,Electric,97894,408320,78,0.97,6.29,1.2,1,457
2017,1,USA,iX,Electric,Hybrid,69635,79777,113,0.97,6.29,1.2,7,533
2016,9,India,X1,Sedan,Petrol,42465,306427,255,0.97,6.29,1.2,5,775
2024,1,India,i7,SUV,Petrol,91754,207255,170,0.97,6.29,1.2,1,683
2017,4,Brazil,X5,SUV,Hybrid,73871,470661,209,0.97,6.29,1.2,4,525
2017,10,UK,i4,Electric,Electric,97874,248110,225,0.97,6.29,1.2,4,482
2019,6,Brazil,X7,Sedan,Electric,112733,399345,221,0.97,6.29,1.2,10,861
2019,7,Brazil,5 Series,Electric,Petrol,64511,459414,25,0.97,6.29,1.2,7,193
2016,2,USA,7 Series,Sedan,Hybrid,115960,464627,381,0.97,6.29,1.2,9,805
2024,6,Germany,3 Series,Sedan,Electric,83821,231649,341,0.97,6.29,1.2,2,883
2020,7,UK,i7,SUV,Petrol,100776,328011,214,0.97,6.29,1.2,1,714
2019,10,China,X7,SUV,Diesel,105167,112501,374,0.97,6.29,1.2,2,824
2020,10,Canada,3 Series,Sedan,Hybrid,110135,195338,48,0.97,6.29,1.2,7,347
2015,2,Brazil,7 Series,Electric,Diesel,79462,351566,98,0.97,6.29,1.2,10,298
2019,2,Japan,X1,SUV,Diesel,96382,216280,265,0.97,6.29,1.2,6,596
2023,10,France,X1,Electric,Electric,67574,171544,263,0.97,6.29,1.2,4,713
2024,7,Japan,X3,SUV,Electric,76910,474429,225,0.97,6.29,1.2,1,686
2016,12,USA,7 Series,SUV,Electric,108531,188439,377,0.97,6.29,1.2,1,785
2015,1,USA,7 Series,Electric,Hybrid,60186,305230,312,0.97,6.29,1.2,5,922
2024,8,Australia,3 Series,SUV,Diesel,57813,85362,181,0.97,6.29,1.2,1,514
2023,11,Germany,X7,SUV,Hybrid,113812,300449,146,0.97,6.29,1.2,7,570
2024,3,Canada,iX,Electric,Electric,113282,363732,393,0.97,6.29,1.2,1,1129
2023,11,Brazil,3 Series,SUV,Diesel,53557,219357,187,0.97,6.29,1.2,1,599
2023,6,Japan,5 Series,SUV,Hybrid,63060,176683,86,0.97,6.29,1.2,2,256
2020,9,France,X1,SUV,Hybrid,93866,306157,197,0.97,6.29,1.2,10,377
2022,6,USA,X1,Electric,Petrol,107104,255827,24,0.97,6.29,1.2,3,185
2015,9,USA,X3,Sedan,Hybrid,119577,252918,301,0.97,6.29,1.2,1,678
2024,7,Germany,5 Series,Electric,Electric,41080,348451,328,0.97,6.29,1.2,9,967
2018,9,France,X1,Sedan,Hybrid,48854,392424,334,0.97,6.29,1.2,10,966
2015,2,France,3 Series,SUV,Diesel,102695,463083,223,0.97,6.29,1.2,8,538
2022,12,Germany,5 Series,Sedan,Hybrid,62025,368667,217,0.97,6.29,1.2,5,880
2015,8,USA,3 Series,Electric,Petrol,87982,449594,178,0.97,6.29,1.2,2,495
2017,8,Canada,iX,Electric,Diesel,76081,265757,339,0.97,6.29,1.2,5,879
2018,2,UK,iX,SUV,Diesel,39368,157669,289,0.97,6.29,1.2,6,971
2022,12,UK,X1,Sedan,Petrol,62094,258030,314,0.97,6.29,1.2,1,1012
2020,4,Germany,X1,SUV,Electric,81040,208998,155,0.97,6.29,1.2,4,707
2024,11,France,X7,SUV,Diesel,101766,153215,272,0.97,6.29,1.2,9,753
2021,7,Brazil,iX,Electric,Electric,118053,148707,13,0.97,6.29,1.2,2,290
2022,11,Germany,i7,Sedan,Diesel,58991,456396,99,0.97,6.29,1.2,5,457
2016,4,Canada,i7,Sedan,Diesel,36301,142837,69,0.97,6.29,1.2,1,595
2024,4,Germany,X3,Sedan,Electric,63610,430214,320,0.97,6.29,1.2,4,1086
2022,6,India,iX,Sedan,Diesel,116463,480147,25,0.97,6.29,1.2,4,244
2017,10,Japan,3 Series,SUV,Electric,69678,467230,236,0.97,6.29,1.2,6,889
2021,6,France,3 Series,SUV,Petrol,59466,295847,38,0.97,6.29,1.2,10,415
2017,10,Australia,X5,Electric,Electric,115440,277544,160,0.97,6.29,1.2,9,527
2021,3,Australia,5 Series,SUV,Petrol,75875,392016,254,0.97,6.29,1.2,3,694
2016,9,France,i4,SUV,Diesel,61081,399880,279,0.97,6.29,1.2,9,848
2024,12,Canada,i7,Electric,Electric,59354,317614,88,0.97,6.29,1.2,6,426
2020,10,India,X1,Electric,Diesel,53300,277467,298,0.97,6.29,1.2,7,782
2017,11,India,X3,Electric,Electric,99384,196025,162,0.97,6.29,1.2,10,515
2017,2,USA,i4,SUV,Petrol,95892,285652,286,0.97,6.29,1.2,2,804
2023,6,Japan,7 Series,SUV,Petrol,70525,481723,288,0.97,6.29,1.2,10,869
2021,12,UK,X3,Electric,Electric,61532,405113,66,0.97,6.29,1.2,6,201
2019,7,China,7 Series,Electric,Petrol,41464,141493,195,0.97,6.29,1.2,6,524
2024,12,Canada,iX,Electric,Diesel,51562,318667,102,0.97,6.29,1.2,2,476
2021,9,China,7 Series,SUV,Diesel,90514,267995,285,0.97,6.29,1.2,2,884
2023,3,China,7 Series,SUV,Hybrid,109219,238262,167,0.97,6.29,1.2,2,430
2015,10,France,X7,Sedan,Petrol,67634,490977,284,0.97,6.29,1.2,10,849
2021,3,Australia,X7,SUV,Diesel,35060,343313,190,0.97,6.29,1.2,1,469
2020,7,Australia,X7,SUV,Electric,44269,95641,368,0.97,6.29,1.2,5,994
2024,4,UK,iX,SUV,Petrol,98143,204062,86,0.97,6.29,1.2,8,468
2023,8,France,i4,Electric,Diesel,58065,79661,160,0.97,6.29,1.2,2,786
2015,7,China,X3,SUV,Petrol,37895,194491,247,0.97,6.29,1.2,5,762
2018,5,Brazil,X3,Electric,Electric,115859,326601,298,0.97,6.29,1.2,8,640
2023,7,Australia,X1,Sedan,Diesel,47352,379744,240,0.97,6.29,1.2,10,640
2018,3,Canada,X7,Sedan,Hybrid,84737,153619,27,0.97,6.29,1.2,5,224
2024,12,Canada,iX,Electric,Hybrid,67016,388246,82,0.97,6.29,1.2,2,641
2017,2,USA,X1,Electric,Petrol,96304,83085,198,0.97,6.29,1.2,3,668
2023,6,Germany,5 Series,Electric,Electric,46962,147064,26,0.97,6.29,1.2,6,396
2016,2,Brazil,X1,SUV,Diesel,68302,231726,28,0.97,6.29,1.2,5,438
2018,3,Australia,i4,Sedan,Electric,39011,449346,228,0.97,6.29,1.2,4,951
2020,6,India,i7,Electric,Diesel,54782,155723,335,0.97,6.29,1.2,4,1066
2016,5,Australia,7 Series,SUV,Petrol,102691,183114,129,0.97,6.29,1.2,5,390
2022,8,USA,X7,Sedan,Diesel,74725,382278,110,0.97,6.29,1.2,2,303
2022,9,Canada,i7,SUV,Electric,44196,355126,43,0.97,6.29,1.2,9,247
2015,11,China,X1,Sedan,Electric,78459,377329,93,0.97,6.29,1.2,2,576
2017,3,India,iX,SUV,Petrol,113863,83477,205,0.97,6.29,1.2,10,693
2024,12,France,7 Series,Sedan,Electric,67769,164161,339,0.97,6.29,1.2,2,1095
2023,10,Japan,X3,Sedan,Diesel,59700,364853,211,0.97,6.29,1.2,10,482
2019,3,China,3 Series,SUV,Petrol,115356,209788,353,0.97,6.29,1.2,9,980
2020,3,Japan,7 Series,Electric,Diesel,111427,390281,350,0.97,6.29,1.2,3,1075
2018,6,Brazil,i4,Sedan,Electric,40269,348162,20,0.97,6.29,1.2,10,476
2024,1,Germany,i4,Electric,Petrol,78880,189133,356,0.97,6.29,1.2,7,1122
2016,7,India,X1,SUV,Diesel,43320,189681,227,0.97,6.29,1.2,4,641
2022,12,UK,5 Series,Electric,Electric,84589,347515,262,0.97,6.29,1.2,6,820
2020,1,India,i4,Electric,Electric,111276,291422,231,0.97,6.29,1.2,4,789
2019,5,Australia,i4,Electric,Hybrid,70897,395165,392,0.97,6.29,1.2,10,985
2023,10,Canada,iX,Electric,Electric,93565,464021,378,0.97,6.29,1.2,7,928
2015,8,Australia,X1,Electric,Diesel,65930,320001,89,0.97,6.29,1.2,1,301
2019,4,Australia,7 Series,Sedan,Petrol,92233,192692,16,0.97,6.29,1.2,3,70
2020,5,Brazil,5 Series,Sedan,Hybrid,117821,58177,281,0.97,6.29,1.2,3,654
2019,4,China,i7,Sedan,Electric,49380,473327,236,0.97,6.29,1.2,1,584
2020,12,UK,3 Series,SUV,Electric,111896,301842,25,0.97,6.29,1.2,6,396
2020,12,UK,X7,Electric,Electric,105934,400722,21,0.97,6.29,1.2,9,238
2021,4,Australia,X3,Sedan,Diesel,90830,139941,300,0.97,6.29,1.2,8,629
2018,12,Japan,i4,SUV,Hybrid,40529,308121,250,0.97,6.29,1.2,7,662
2022,8,Brazil,X1,Sedan,Diesel,117987,61826,30,0.97,6.29,1.2,10,80
2021,2,Australia,X7,Sedan,Hybrid,84178,194962,187,0.97,6.29,1.2,8,401
2023,1,Germany,X3,Electric,Petrol,41937,394572,237,0.97,6.29,1.2,6,588
2021,3,Canada,X3,SUV,Diesel,74886,176044,282,0.97,6.29,1.2,9,935
2017,9,China,i7,Electric,Diesel,84699,239103,297,0.97,6.29,1.2,3,796
2017,4,France,i7,Electric,Petrol,111396,387164,306,0.97,6.29,1.2,10,964
2022,10,Germany,i7,Sedan,Hybrid,60279,55495,143,0.97,6.29,1.2,10,312
2019,5,Japan,X5,Electric,Electric,73106,78481,292,0.97,6.29,1.2,9,977
2018,2,India,X5,SUV,Petrol,114737,192339,162,0.97,6.29,1.2,4,747
2022,4,India,X3,Electric,Electric,75544,430041,75,0.97,6.29,1.2,7,581
2020,2,Germany,i7,Electric,Electric,43997,286774,146,0.97,6.29,1.2,9,389
2016,2,Australia,iX,Electric,Petrol,75860,187815,101,0.97,6.29,1.2,2,330
2018,4,France,i4,Sedan,Hybrid,38225,498016,326,0.97,6.29,1.2,2,1118
2018,6,USA,X7,SUV,Electric,94470,153475,268,0.97,6.29,1.2,9,733
2020,7,USA,X7,Sedan,Petrol,98656,229845,112,0.97,6.29,1.2,3,479
2020,10,Japan,X5,Sedan,Diesel,86880,369186,64,0.97,6.29,1.2,9,194
2015,3,Australia,X3,Sedan,Diesel,96078,99476,266,0.97,6.29,1.2,5,637
2022,3,UK,X1,Sedan,Diesel,111290,273177,110,0.97,6.29,1.2,6,277
2020,10,UK,7 Series,Sedan,Petrol,91633,340696,207,0.97,6.29,1.2,2,502
2017,6,China,7 Series,SUV,Diesel,61655,246314,310,0.97,6.29,1.2,8,1066
2023,12,France,X5,Electric,Electric,78601,488988,235,0.97,6.29,1.2,9,810
2016,3,France,X1,Sedan,Diesel,38114,486946,246,0.97,6.29,1.2,2,968
2022,2,India,X5,Sedan,Diesel,61502,210020,35,0.97,6.29,1.2,6,270
2024,8,Brazil,7 Series,SUV,Electric,84768,257383,130,0.97,6.29,1.2,6,451
2017,5,Japan,X1,SUV,Diesel,83128,119093,191,0.97,6.29,1.2,8,512
2019,1,USA,i7,Electric,Electric,55028,119123,208,0.97,6.29,1.2,10,685
2020,3,Japan,X3,SUV,Diesel,90565,66535,311,0.97,6.29,1.2,5,1051
2024,10,UK,X7,Electric,Electric,118123,378634,264,0.97,6.29,1.2,9,912
2020,8,UK,iX,Sedan,Diesel,70333,96562,131,0.97,6.29,1.2,1,376
2018,4,Germany,5 Series,Sedan,Electric,38174,431186,40,0.97,6.29,1.2,9,420
2017,7,China,X3,Electric,Petrol,70398,306323,324,0.97,6.29,1.2,10,951
2018,10,France,i7,SUV,Electric,70929,401224,294,0.97,6.29,1.2,7,869
2015,12,Canada,7 Series,Electric,Diesel,39321,308916,115,0.97,6.29,1.2,4,367
2018,2,Japan,i7,SUV,Diesel,90421,239607,233,0.97,6.29,1.2,3,591
2015,7,UK,X5,Sedan,Hybrid,107635,280063,282,0.97,6.29,1.2,10,662
2015,5,Brazil,X1,SUV,Electric,58760,91269,241,0.97,6.29,1.2,6,916
2024,5,India,X7,Electric,Petrol,46360,130674,265,0.97,6.29,1.2,1,695
2020,6,USA,i4,Electric,Electric,45313,354606,33,0.97,6.29,1.2,3,530
2019,9,China,X5,Sedan,Electric,40801,446343,118,0.97,6.29,1.2,2,716
2018,6,Brazil,X3,SUV,Petrol,49130,335291,200,0.97,6.29,1.2,9,533
2017,12,China,X5,SUV,Electric,49271,488744,356,0.97,6.29,1.2,3,967
2015,8,Germany,X3,SUV,Petrol,51075,127095,34,0.97,6.29,1.2,2,388
2020,7,Canada,i4,Sedan,Petrol,53984,294172,196,0.97,6.29,1.2,4,545
2016,9,UK,3 Series,SUV,Electric,95942,250003,297,0.97,6.29,1.2,2,892
2022,4,India,X7,Electric,Electric,47861,140925,125,0.97,6.29,1.2,1,669
2024,2,Brazil,iX,SUV,Diesel,117203,116381,347,0.97,6.29,1.2,6,926
2019,7,China,iX,Sedan,Diesel,106376,149468,375,0.97,6.29,1.2,10,749
2021,6,France,5 Series,SUV,Hybrid,96247,292330,46,0.97,6.29,1.2,8,136
2024,1,Germany,i7,SUV,Hybrid,104101,375893,291,0.97,6.29,1.2,10,727
2016,11,France,3 Series,Electric,Electric,55977,481888,146,0.97,6.29,1.2,10,600
2022,9,India,iX,SUV,Petrol,85617,63731,236,0.97,6.29,1.2,2,674
2016,9,Brazil,X5,Electric,Hybrid,92473,436791,329,0.97,6.29,1.2,9,935
2018,12,Germany,i7,Electric,Electric,107902,497728,337,0.97,6.29,1.2,3,719
2015,2,Brazil,3 Series,Sedan,Hybrid,50630,101024,191,0.97,6.29,1.2,8,780
2019,3,UK,X1,Electric,Petrol,55056,166712,371,0.97,6.29,1.2,8,913
2023,5,Australia,X1,Electric,Electric,42382,151121,95,0.97,6.29,1.2,3,465
2015,5,Germany,i7,Sedan,Petrol,90739,315976,62,0.97,6.29,1.2,3,527
2023,1,France,X3,Electric,Electric,116685,82332,357,0.97,6.29,1.2,6,900
2022,8,India,X3,Sedan,Hybrid,83639,62467,364,0.97,6.29,1.2,1,823
2020,12,Canada,X5,SUV,Diesel,94838,91025,244,0.97,6.29,1.2,4,560
2021,8,UK,3 Series,Sedan,Hybrid,81041,194179,276,0.97,6.29,1.2,1,636
2017,4,Australia,3 Series,Electric,Hybrid,35992,127994,296,0.97,6.29,1.2,3,907
2015,7,Canada,i7,Sedan,Diesel,107394,144202,109,0.97,6.29,1.2,9,224
2019,11,USA,7 Series,Electric,Diesel,102657,93481,96,0.97,6.29,1.2,5,186
2016,10,UK,X1,SUV,Electric,62160,445797,24,0.97,6.29,1.2,5,406
2019,3,India,3 Series,Sedan,Electric,80156,125118,110,0.97,6.29,1.2,4,455
2022,6,China,i7,SUV,Petrol,86375,436154,174,0.97,6.29,1.2,3,711
2023,10,Germany,i4,Electric,Petrol,54572,494854,38,0.97,6.29,1.2,5,253
2016,10,Brazil,5 Series,Electric,Hybrid,39136,173714,123,0.97,6.29,1.2,4,387
2017,12,India,i4,SUV,Diesel,96868,451634,116,0.97,6.29,1.2,8,455
2017,9,Germany,X7,Sedan,Petrol,117263,274699,373,0.97,6.29,1.2,4,880
2015,1,Canada,X5,Sedan,Hybrid,67167,210185,139,0.97,6.29,1.2,8,380
2022,5,Brazil,3 Series,Electric,Diesel,50479,134363,93,0.97,6.29,1.2,6,372
2020,4,Japan,X7,SUV,Electric,66376,435751,280,0.97,6.29,1.2,5,610
2022,8,France,iX,SUV,Hybrid,39823,375188,253,0.97,6.29,1.2,4,794
2023,11,USA,X7,Sedan,Electric,105456,261027,397,0.97,6.29,1.2,4,1130
2019,12,UK,i7,Sedan,Petrol,54585,323958,223,0.97,6.29,1.2,4,861
2017,1,India,3 Series,Sedan,Petrol,52272,411484,315,0.97,6.29,1.2,9,1036
2019,9,USA,5 Series,SUV,Diesel,61619,322168,175,0.97,6.29,1.2,4,606
2019,6,China,i7,Sedan,Hybrid,110069,244360,288,0.97,6.29,1.2,9,791
2019,4,Germany,i7,Sedan,Electric,74895,421380,68,0.97,6.29,1.2,10,547
2017,12,Germany,X5,Electric,Diesel,38720,107836,99,0.97,6.29,1.2,6,349
2024,9,India,X5,Sedan,Petrol,54267,319579,380,0.97,6.29,1.2,10,1149
2018,11,Australia,X1,Sedan,Petrol,50696,305095,340,0.97,6.29,1.2,7,898
2023,5,Australia,X1,SUV,Hybrid,64968,382745,203,0.97,6.29,1.2,10,522
2024,5,Japan,X3,SUV,Electric,88364,311176,132,0.97,6.29,1.2,3,411
2023,12,France,7 Series,Electric,Hybrid,58345,433015,145,0.97,6.29,1.2,8,334
2016,5,Brazil,3 Series,Sedan,Electric,86567,299717,148,0.97,6.29,1.2,3,463
2022,1,China,3 Series,Electric,Electric,96607,184479,238,0.97,6.29,1.2,1,579
2022,1,USA,X7,SUV,Hybrid,54385,411087,283,0.97,6.29,1.2,10,881
2021,8,Australia,3 Series,Electric,Diesel,118658,82940,59,0.97,6.29,1.2,5,496
2022,12,Japan,3 Series,SUV,Hybrid,101900,55666,127,0.97,6.29,1.2,2,450
2017,8,Japan,7 Series,Electric,Hybrid,103244,349266,211,0.97,6.29,1.2,10,821
2020,12,India,iX,Electric,Petrol,100425,430791,200,0.97,6.29,1.2,6,827
2015,6,China,X1,Sedan,Petrol,113518,206164,373,0.97,6.29,1.2,10,1156
2021,12,Canada,X1,Electric,Hybrid,117844,441897,332,0.97,6.29,1.2,9,738
2015,11,Brazil,5 Series,Sedan,Hybrid,67919,435546,190,0.97,6.29,1.2,1,600
2023,4,France,3 Series,Sedan,Petrol,92196,256717,87,0.97,6.29,1.2,4,566
2015,2,UK,7 Series,Sedan,Electric,114401,413334,84,0.97,6.29,1.2,1,268
2015,2,India,X1,Sedan,Hybrid,35495,412612,304,0.97,6.29,1.2,1,973
2021,9,Brazil,7 Series,Electric,Diesel,79755,441351,290,0.97,6.29,1.2,8,602
2016,5,UK,i4,SUV,Diesel,102684,76505,30,0.97,6.29,1.2,2,336
2019,4,UK,iX,SUV,Diesel,68324,86713,180,0.97,6.29,1.2,1,636
2022,10,China,3 Series,SUV,Hybrid,113929,497603,24,0.97,6.29,1.2,8,324
2022,1,China,5 Series,Electric,Electric,36552,355313,220,0.97,6.29,1.2,4,724
2017,7,USA,X7,Sedan,Electric,86272,254354,57,0.97,6.29,1.2,3,150
2021,3,Japan,X1,SUV,Petrol,70853,127511,95,0.97,6.29,1.2,4,429
2017,6,Brazil,i4,Electric,Hybrid,67924,494958,158,0.97,6.29,1.2,5,576
2020,5,India,7 Series,Sedan,Electric,109462,352666,197,0.97,6.29,1.2,1,744
2020,5,Germany,X5,SUV,Hybrid,58889,262204,381,0.97,6.29,1.2,1,819
2017,11,India,i7,Sedan,Petrol,89675,300694,315,0.97,6.29,1.2,3,1029
2021,5,USA,3 Series,SUV,Petrol,108591,299836,160,0.97,6.29,1.2,6,403
2017,1,France,3 Series,SUV,Petrol,105190,284561,150,0.97,6.29,1.2,1,515
2022,1,Japan,i4,SUV,Diesel,57634,411541,78,0.97,6.29,1.2,2,557
2024,3,Germany,7 Series,Sedan,Hybrid,67363,53880,269,0.97,6.29,1.2,7,607
2018,12,Australia,X3,Electric,Petrol,98752,486670,343,0.97,6.29,1.2,1,1116
2015,10,France,3 Series,Sedan,Hybrid,112004,498927,18,0.97,6.29,1.2,7,130
2018,4,China,X3,SUV,Diesel,91398,93539,130,0.97,6.29,1.2,4,559
2021,5,UK,X5,Sedan,Diesel,75718,290056,380,0.97,6.29,1.2,10,1088
2018,2,Australia,i4,Electric,Petrol,117916,269057,110,0.97,6.29,1.2,6,360
2020,8,India,7 Series,Sedan,Petrol,61870,64799,158,0.97,6.29,1.2,8,740
2023,11,India,7 Series,Electric,Electric,72394,154843,155,0.97,6.29,1.2,9,521
2015,11,China,iX,Electric,Hybrid,87057,493942,362,0.97,6.29,1.2,6,1196
2019,2,USA,i7,Sedan,Petrol,114795,98784,252,0.97,6.29,1.2,9,724
2021,9,Brazil,X1,SUV,Electric,115409,163034,250,0.97,6.29,1.2,4,710
2015,2,Australia,X1,Electric,Hybrid,48016,486549,346,0.97,6.29,1.2,6,1156
2018,9,Australia,X7,Sedan,Petrol,77137,484044,52,0.97,6.29,1.2,8,243
2020,7,Canada,5 Series,Electric,Electric,35153,250598,104,0.97,6.29,1.2,9,630
2016,8,France,i4,SUV,Electric,42853,104362,235,0.97,6.29,1.2,3,666
2024,11,Japan,X5,Sedan,Hybrid,47379,103997,15,0.97,6.29,1.2,2,59
2019,2,France,7 Series,Sedan,Electric,50792,231413,223,0.97,6.29,1.2,6,804
2024,7,Brazil,i7,Sedan,Hybrid,73367,462289,215,0.97,6.29,1.2,4,596
2015,12,India,X3,SUV,Hybrid,53100,414543,76,0.97,6.29,1.2,1,320
2020,6,India,i4,Electric,Hybrid,98456,326693,109,0.97,6.29,1.2,8,565
2020,4,India,X7,Sedan,Diesel,46049,369064,21,0.97,6.29,1.2,9,96
2018,7,Canada,i4,Electric,Electric,35786,266398,246,0.97,6.29,1.2,9,575
2022,4,India,X7,Electric,Hybrid,104904,310464,331,0.97,6.29,1.2,2,968
2018,2,Brazil,7 Series,SUV,Petrol,65699,463532,267,0.97,6.29,1.2,9,582
2022,10,China,5 Series,Sedan,Diesel,82691,207255,346,0.97,6.29,1.2,7,1124
2022,12,Japan,X7,Electric,Diesel,72040,406004,144,0.97,6.29,1.2,5,697
2019,7,Brazil,7 Series,Sedan,Electric,92986,74624,231,0.97,6.29,1.2,7,704
2018,8,Japan,7 Series,Sedan,Hybrid,73762,243587,165,0.97,6.29,1.2,9,332
2016,2,Brazil,5 Series,SUV,Electric,58600,284784,151,0.97,6.29,1.2,8,654
2017,5,India,X1,Sedan,Diesel,54810,96705,167,0.97,6.29,1.2,6,663
2017,1,China,i4,Sedan,Hybrid,92204,139326,335,0.97,6.29,1.2,4,698
2018,7,Australia,3 Series,Electric,Petrol,55085,469972,380,0.97,6.29,1.2,1,880
2018,8,France,3 Series,SUV,Hybrid,81854,372534,353,0.97,6.29,1.2,6,887
2024,6,UK,X3,Sedan,Diesel,109797,118369,271,0.97,6.29,1.2,3,720
2019,5,China,X3,Electric,Petrol,119269,251893,292,0.97,6.29,1.2,6,910
2018,6,Australia,3 Series,SUV,Hybrid,74779,321733,347,0.97,6.29,1.2,6,726
2024,2,USA,X5,SUV,Petrol,91207,163012,353,0.97,6.29,1.2,4,821
2022,1,Brazil,3 Series,Electric,Petrol,68980,457332,238,0.97,6.29,1.2,2,710
2020,7,USA,X3,Electric,Diesel,91117,385325,385,0.97,6.29,1.2,9,1036
2020,7,Australia,i7,Electric,Petrol,49141,225858,289,0.97,6.29,1.2,2,648
2022,10,China,X3,Electric,Electric,44344,275758,367,0.97,6.29,1.2,3,783
2021,11,Brazil,X5,Electric,Diesel,50896,173711,299,0.97,6.29,1.2,10,668
2024,10,UK,i4,Sedan,Electric,64813,126425,177,0.97,6.29,1.2,1,570
2024,2,India,3 Series,Sedan,Petrol,119431,473502,56,0.97,6.29,1.2,7,433
2022,2,Brazil,5 Series,SUV,Electric,100679,65994,212,0.97,6.29,1.2,1,614
2016,1,Brazil,i7,Sedan,Hybrid,45681,161915,223,0.97,6.29,1.2,9,511
2023,10,China,7 Series,Sedan,Petrol,107903,435105,255,0.97,6.29,1.2,1,891
